comment_score,Positive,Negative
-444,0.0,0.8235294117647058
-382,1.0,0.8
-379,0.0,0.7142857142857143
-350,0.0,0.7920792079207921
-343,1.0,0.9
-341,0.0,0.75
-325,1.0,0.8833333333333333
-316,0.0,0.8108108108108109
-313,0.0,0.8433476394849786
-309,0.0,0.8308823529411765
-306,1.0,0.7777777777777778
-304,0.0,0.7884615384615384
-292,1.0,0.7586206896551724
-278,0.0,0.8
-275,0.24561403508771928,0.8333333333333334
-272,0.0,0.9090909090909091
-265,0.0,0.9178082191780822
-263,1.0,0.858085808580858
-260,0.0,0.6470588235294118
-258,0.0,0.7272727272727273
-257,1.0,0.7546583850931677
-256,1.0,0.8571428571428571
-250,1.0,1.0
-248,1.0,0.8433476394849786
-246,1.0,0.7837837837837838
-244,0.003232758620689655,0.8728448275862069
-243,1.0,0.92
-238,1.0,0.8433476394849786
-236,0.0,0.93027153871941
-235,0.0,0.7857142857142857
-234,0.0,0.9302967563837129
-229,0.01166489925768823,0.8419936373276776
-226,0.0,0.8429752066115702
-225,0.7321288295365279,0.8208955223880597
-224,0.0,0.7692307692307693
-223,0.0,0.786366830639494
-219,1.0,0.8976744186046511
-218,0.6060606060606061,0.7878787878787878
-216,0.0,0.8433476394849786
-215,1.0,0.9253731343283582
-212,0.875,0.9583333333333334
-211,1.0,0.7546583850931677
-209,0.0,0.9100346020761245
-207,1.0,0.75
-202,0.0,0.8976744186046511
-201,1.0,0.7647058823529411
-198,0.9096045197740112,0.7693032015065914
-197,1.0,0.875
-196,1.0,0.7435897435897436
-195,0.0,0.8461538461538461
-194,1.0,0.9
-191,0.0,0.5714285714285714
-190,0.4076923076923077,0.8769230769230769
-188,0.7532467532467533,0.8051948051948052
-187,0.0,0.8888888888888888
-186,1.0,0.8372497824194952
-185,1.0,0.8461538461538461
-183,0.0,0.8566308243727598
-182,0.008149010477299184,0.880384167636787
-181,1.0,0.8380797396257119
-178,0.0,0.9281437125748503
-177,0.15555555555555556,0.9111111111111111
-176,1.0,0.8
-175,0.6756756756756757,0.8648648648648649
-174,0.8260869565217391,0.8260869565217391
-173,1.0,0.8141993957703928
-172,0.5649717514124294,0.8135593220338984
-171,0.21205044371788884,0.9068192433442317
-170,1.0,0.8604651162790697
-169,0.0,0.7058823529411765
-168,0.0,0.8235294117647058
-166,0.0,0.8395061728395061
-165,0.07814761215629522,0.8719247467438495
-164,0.0,0.7946428571428571
-163,0.7564102564102564,0.8910256410256411
-162,0.21621621621621623,0.831081081081081
-161,1.0,0.8252688172043011
-160,1.0,0.7922077922077922
-159,0.968503937007874,0.8267716535433071
-158,0.0,0.8376193975018369
-157,0.020316027088036117,0.871331828442438
-156,0.986096256684492,0.9016042780748663
-155,0.0,0.9090909090909091
-154,0.17721518987341772,0.7974683544303798
-153,0.6266968325791855,0.8602941176470589
-152,0.0,0.835820895522388
-151,0.8411392405063292,0.8734177215189873
-149,0.923469387755102,0.7806122448979592
-148,0.0,0.8370457209847597
-147,0.45512104283054006,0.8111731843575419
-146,0.0,0.8838709677419355
-145,0.0,0.7777777777777778
-144,0.7520661157024794,0.8264462809917356
-143,0.0022653721682847896,0.8242718446601942
-142,1.0,0.89453125
-141,0.9876977152899824,0.8910369068541301
-140,0.8835616438356164,0.882420091324201
-139,0.6185567010309279,0.8900343642611683
-138,0.13445378151260504,0.7710084033613446
-137,0.9564564564564565,0.8746246246246246
-136,1.0,0.855072463768116
-135,0.0,0.8843360995850622
-134,0.0,0.7142857142857143
-133,0.5961538461538461,0.8269230769230769
-132,0.0,0.8349705304518664
-131,0.9815564552406658,0.8614484930274404
-130,0.3750516315572078,0.8112350268484098
-129,0.0,0.7272727272727273
-128,0.9057971014492754,0.7934782608695652
-127,0.5767441860465117,0.8651162790697674
-126,0.4374468085106383,0.8446808510638298
-125,0.9779771615008157,0.8384991843393148
-124,0.9816612729234089,0.8101402373247033
-123,0.23237597911227154,0.825065274151436
-122,0.09947643979057591,0.8586387434554974
-121,0.2757527733755943,0.8462757527733756
-120,0.6226666666666667,0.876
-119,0.04018445322793149,0.7246376811594203
-118,0.761316236675421,0.8876873165456511
-117,0.05466666666666667,0.8488888888888889
-116,0.0221606648199446,0.817174515235457
-115,0.9001103752759382,0.8818984547461368
-114,0.6062736614386155,0.8972417522985398
-113,0.9898316970546984,0.8008415147265077
-112,0.8795180722891566,0.8737170905845605
-111,0.14237668161434977,0.8654708520179372
-110,0.3321554770318021,0.8515901060070671
-109,0.4108527131782946,0.8449612403100775
-108,0.7894736842105263,0.8323586744639376
-107,0.5734575087310827,0.8506402793946449
-106,0.6394052044609665,0.8661710037174721
-105,0.4669991199765327,0.8518627163391024
-104,0.9080622347949081,0.8195595069711052
-103,0.006671798819604825,0.8783679753656659
-102,0.6140739876298285,0.8494573462481037
-101,0.5767045454545454,0.8612689393939394
-100,0.16021990967995287,0.8741409778126841
-99,0.8979550516298845,0.8795302692852804
-98,0.7992680180180181,0.8510698198198198
-97,0.9373695198329853,0.9219728601252609
-96,0.19006309148264985,0.861198738170347
-95,0.6271894584605495,0.863249236702555
-94,0.6688218390804598,0.8380028735632183
-93,0.24104604889141557,0.8709494030699261
-92,0.08384180790960452,0.8743502824858757
-91,0.3770491803278688,0.834575260804769
-90,0.6318173897891619,0.8079804844049486
-89,0.7007990529742527,0.8937555489789879
-88,0.1862897841086134,0.8444246605831293
-87,0.9372619763479655,0.8280216476247745
-86,0.8905472636815921,0.8646131046893194
-85,0.10432852386237514,0.8799482056973733
-84,0.8831067961165049,0.8570873786407767
-83,0.16848973325657263,0.8748800614085588
-82,0.895676489567649,0.9133146913314691
-81,0.5792515972010952,0.8567082445999391
-80,0.572998687664042,0.8690944881889764
-79,0.7549630488335024,0.89639182727141
-78,0.3840203920189857,0.8781752658873165
-77,0.6156204379562044,0.8413138686131387
-76,0.638394704178734,0.8298165770238588
-75,0.8663167644334672,0.88908613769682
-74,0.6916336913510458,0.821368004522329
-73,0.6323033328835514,0.8695182836324382
-72,0.8308202154101078,0.8530240265120133
-71,0.39874036268867413,0.8669779563470518
-70,0.33790484228294126,0.8495621901044415
-69,0.5284073738289513,0.8340888485947416
-68,0.37919549064821934,0.8620719104961995
-67,0.5473978533417516,0.8431496347073149
-66,0.6085921222343487,0.8492906042266097
-65,0.377274443186108,0.8586636466591167
-64,0.3116454502593116,0.8525459688826026
-63,0.5901297717154494,0.8487259638154779
-62,0.5164285714285715,0.8535714285714285
-61,0.37405750798722043,0.8511182108626199
-60,0.6493703172325841,0.8670492587278814
-59,0.4489623366641045,0.8732513451191392
-58,0.37387227392200045,0.8581373872273922
-57,0.38862215780414894,0.836760576139143
-56,0.5728135228073082,0.8741351452127439
-55,0.5580237741456167,0.861218424962853
-54,0.6722762988155272,0.8715843790313123
-53,0.45593595417859933,0.852577453788076
-52,0.7019488646522439,0.8374754156981942
-51,0.40877951446624544,0.8605919521117392
-50,0.4687873195092824,0.8672239713386168
-49,0.4603567243848457,0.8444863950006509
-48,0.2796894913683235,0.8475263584752636
-47,0.5555818130258059,0.8688439360998204
-46,0.5043355158379048,0.8572818970093788
-45,0.2770244257175857,0.8385592676562433
-44,0.3408161048553532,0.8671204605525182
-43,0.3463445848664214,0.848717538527169
-42,0.5508256880733945,0.8716411824668705
-41,0.4980078401131033,0.8581068054752266
-40,0.6257918552036199,0.855621301775148
-39,0.19534249969032577,0.8725628638672117
-38,0.4200925491248072,0.8509489638521897
-37,0.43179745976548417,0.8566400203558024
-36,0.4391479055430176,0.8626630704023779
-35,0.5049017297450158,0.8633642833576849
-34,0.40933189506782036,0.8591953363475706
-33,0.459350977911842,0.866206091271772
-32,0.49009207716276304,0.8581206455904492
-31,0.4121204104385948,0.8519246395434532
-30,0.460809500314749,0.8616125355155928
-29,0.4046203750967381,0.8576344865060678
-28,0.49745835504175057,0.8597518903924413
-27,0.5596189024390243,0.8553506097560976
-26,0.31245592590851395,0.8525927318884867
-25,0.42272753707473104,0.86619366094795
-24,0.4099376751100692,0.8516553262050431
-23,0.3806139103880377,0.8580108461011952
-22,0.3834030302393511,0.8506209679114044
-21,0.43879758168891725,0.851984823502296
-20,0.45912866809758657,0.8501220651123162
-19,0.33523067911656274,0.8554525720979912
-18,0.37077338937704374,0.851799874178183
-17,0.45633043389796024,0.8460946640215677
-16,0.3903818125724742,0.8514292705241545
-15,0.4262814973961374,0.8504612222974709
-14,0.42197558960609793,0.8458489860178012
-13,0.3884886293485888,0.8513360659194871
-12,0.3797980613642505,0.851900279210756
-11,0.4223275495839199,0.8445912363562657
-10,0.3619551417689378,0.8485723531901123
-9,0.40383022405066804,0.8430753560118743
-8,0.38567536475540914,0.8440623529549668
-7,0.40598542746294247,0.8433187867722777
-6,0.40668773618996873,0.8431912977968874
-5,0.3732500178675607,0.8395659263125178
-4,0.39055878553178874,0.8389240553041529
-3,0.375855477316553,0.8369702462825305
-2,0.36665791148693605,0.8358590123556222
-1,0.3569918251092302,0.8339331052962783
0,0.34758194708976026,0.8319450394513862
1,0.3138440890069764,0.8434620949501129
2,0.30995236863605174,0.8456111829918292
3,0.3078498980239102,0.8471492185041339
4,0.3176413196177447,0.8451918837969675
5,0.3093491549400096,0.8468954335094478
6,0.30827815998669206,0.8471764266757121
7,0.3023133936003461,0.8480117556378687
8,0.3096548411540063,0.8483099813534364
9,0.29916875391261155,0.847977459199167
10,0.31653749663726755,0.8497882202066939
11,0.3076286848657606,0.8491792495691031
12,0.3051171257431305,0.8495178041153036
13,0.31066074810124006,0.8493241839913664
14,0.3019837849111447,0.8494626592048947
15,0.33447030391766974,0.8504847640315742
16,0.3063062741238607,0.8496820398508466
17,0.3174784153184681,0.8509386908872967
18,0.2914825107300216,0.8469399004740598
19,0.31671864153049195,0.8514368202577497
20,0.3217298387202638,0.8519900268930831
21,0.31927867674659843,0.8503247185705117
22,0.29048849387176584,0.8504680170961345
23,0.3050642926868093,0.8517592997914263
24,0.30216896157716977,0.8530622488693603
25,0.3223688125587651,0.8509211982718606
26,0.3016180897206986,0.8561474421279942
27,0.30705122006253427,0.8478306417819037
28,0.30040162570130224,0.8545953831042942
29,0.31877100423122473,0.854955865043337
30,0.3171820297678421,0.8554734103933188
31,0.3025934379395121,0.8489696019932254
32,0.26057958672031617,0.8502160173388004
33,0.3152735898363688,0.849874696793042
34,0.29353012892299374,0.8535204197030964
35,0.28580157548990026,0.8506479183199507
36,0.3006805995694439,0.8489871234305427
37,0.2908456289675988,0.8480021973206268
38,0.26000151618527784,0.8550739140322947
39,0.2759807801413472,0.8482443667742997
40,0.2899135872374997,0.8515332374363862
41,0.30676953708312593,0.8569016349504155
42,0.3113548316230181,0.8459786819658557
43,0.2788196158733499,0.8520027842302493
44,0.31107417000640025,0.8501393882381241
45,0.24995763662760076,0.8507847528497955
46,0.312279436876257,0.8473228854399879
47,0.30780964344597855,0.8458372121715139
48,0.35114533634664213,0.8542841996596077
49,0.2858594804067829,0.8518666008903576
50,0.3146450919663738,0.8461308617430228
51,0.34855071545354305,0.8462820496571654
52,0.30789438323031443,0.8530636925557645
53,0.3555106857963513,0.8469080154137102
54,0.3140341978456158,0.8484990055661599
55,0.33420331641193474,0.8511509056250555
56,0.30229984011806665,0.8485896387825823
57,0.25097882026211626,0.8502100795224359
58,0.32262727595876617,0.8470002764722145
59,0.2550727182745574,0.8434122511534348
60,0.25640244153576225,0.8461848944389987
61,0.2514795541447812,0.8487160960878072
62,0.28375462245586686,0.8448375842499025
63,0.3501633232896296,0.8447931087524996
64,0.2802671157534046,0.8487447311807023
65,0.3639827718347564,0.8477639007329526
66,0.28314897900180963,0.8487509235563074
67,0.3255194584257271,0.8393697276876327
68,0.27527744982290436,0.8523140495867768
69,0.263342662741881,0.853001495922405
70,0.29912837175718193,0.8448192273969777
71,0.2589602184505006,0.849740322321572
72,0.26274278553790587,0.8426147741372744
73,0.3832833521978086,0.84475898201846
74,0.3105407523510972,0.8413131857366771
75,0.28914337150572583,0.8450892633895084
76,0.28094191876514,0.8420934031885527
77,0.3523931817609588,0.840924541128484
78,0.2981832119586048,0.8485550019164431
79,0.2667938489998844,0.8385217944271014
80,0.29972918436703483,0.8481573916737468
81,0.29888920281342474,0.848250531606418
82,0.31664877437824296,0.8375827518339596
83,0.3022132495887543,0.8471362344848213
84,0.27791426958233506,0.8477972257404892
85,0.35028896135343685,0.8472056307106189
86,0.2940180152436677,0.849411040110863
87,0.3412825409934789,0.848173574906657
88,0.2506429143178296,0.8489704855493299
89,0.24377303697084776,0.8480956104099184
90,0.2967482422931314,0.8392881287182261
91,0.2988569092105029,0.8428650157330536
92,0.24509179359471825,0.8549062759406189
93,0.30230306252254646,0.8343427822817976
94,0.36109825972454535,0.8387309156909498
95,0.29757800195803,0.8477205976248244
96,0.2502323728588501,0.843729252423317
97,0.32217999308977835,0.8421559891618629
98,0.23803693295865114,0.8434765154556403
99,0.28363935324746503,0.8468705862512385
100,0.30825955182206527,0.8540199985681216
101,0.30989494061422435,0.8415841584158416
102,0.3180400582160926,0.8465590130986208
103,0.269953096952267,0.8415719276573568
104,0.3383199358865386,0.8394492070816232
105,0.34407587525102223,0.853378819772084
106,0.3608293177783414,0.8491630738016739
107,0.37630551745964763,0.8425730562295601
108,0.349041897498621,0.8489339760654244
109,0.2748698637722893,0.8450105216524532
110,0.3845110862976551,0.8465199127984261
111,0.22859387274155538,0.844588601981603
112,0.2655965580009929,0.858651883722213
113,0.29696748674502765,0.8489073414312565
114,0.34312108215110526,0.8397076364743801
115,0.263655841498351,0.8485038156912781
116,0.3309287319654897,0.850685130138476
117,0.26229411937406416,0.8472446493056575
118,0.33543063434760184,0.8498194945848375
119,0.2554634932992271,0.8527776233109048
120,0.3110092672304654,0.8439763001974984
121,0.34269647358652594,0.850771489514945
122,0.2751814144914979,0.8507798115455432
123,0.19517355903149775,0.8390829226483822
124,0.33072631663241064,0.8479299575581241
125,0.21684055931218063,0.858733898356944
126,0.3411044821783693,0.8375707511090714
127,0.3450116237189352,0.8443076520087751
128,0.28404736424206856,0.846722132081334
129,0.3220508712197076,0.8454169170171574
130,0.29027670794572497,0.8489660484683297
131,0.36013346594372614,0.8472520773845809
132,0.41059067835717583,0.8495231502845716
133,0.2020199019753453,0.8539135600772315
134,0.4004626197325109,0.8481954864920969
135,0.2620038279104602,0.8483398518765083
136,0.2889702731133362,0.8616511473876962
137,0.2946882526090447,0.8560677013647311
138,0.24798185592373337,0.8518105635427078
139,0.35327644936089847,0.8543725338099896
140,0.3044805463576159,0.8310740894039735
141,0.2983741374421023,0.8461102183571226
142,0.37090064480343893,0.8499618664632878
143,0.3103099852044314,0.8443217494857638
144,0.2841046420700931,0.8490083173384517
145,0.31662624629479924,0.8445163028833199
146,0.3681181959564541,0.8534992223950233
147,0.27503370511092046,0.8492462311557789
148,0.24473684210526317,0.8354691075514874
149,0.183091388331563,0.8567213501711318
150,0.39983247930626725,0.8503646038628301
151,0.3399884644394161,0.8370823905230933
152,0.3643332568280927,0.8465916915308699
153,0.1787607298653783,0.8477883578028989
154,0.2537963761863676,0.83244176013805
155,0.4303549571603427,0.8493268053855569
156,0.23715098345551416,0.8517405760525578
157,0.2561994314454406,0.847190028427728
158,0.21262043832060307,0.8389995506964205
159,0.3585958005249344,0.8461650627004957
160,0.28112731351654513,0.8490372032155543
161,0.2503595119914645,0.8453402607041797
162,0.21999211183662737,0.8506945966080898
163,0.2758570279950296,0.8412031284262846
164,0.3119752540874945,0.8374576520842539
165,0.2632143930611018,0.8504873545450642
166,0.297694426990188,0.8439750592102083
167,0.2565692185189398,0.851552724377204
168,0.2668753111885625,0.8278682694359485
169,0.36179001721170395,0.8524612736660929
170,0.2103324915824916,0.8553240740740741
171,0.3376861499932919,0.8566700952551317
172,0.3227958410962197,0.8460845002704489
173,0.3331939049895429,0.8640573648043024
174,0.3482912160989996,0.8529462788411496
175,0.23556067588325652,0.8620583717357911
176,0.30076987772530245,0.8466067154040241
177,0.42385177744293767,0.834086723589486
178,0.4065002355157796,0.8333832912259667
179,0.33591561624649857,0.8520220588235294
180,0.3402013852511495,0.856527559513416
181,0.2720368071277295,0.8440078872416563
182,0.2228398180899444,0.8569984840828702
183,0.3048087583148559,0.8463830376940134
184,0.26513533791192934,0.8523114214809258
185,0.2391317491988633,0.8452748050063487
186,0.2720624085811799,0.8380667966845441
187,0.18466257668711655,0.8484662576687116
188,0.35285313376987837,0.8444028687246647
189,0.3945641442592485,0.8365178001045357
190,0.23092643051771117,0.8433923705722071
191,0.12187207488299533,0.8512948517940717
192,0.4941679895092829,0.8564428186900407
193,0.384859063873804,0.8551202482544609
194,0.37048031823309385,0.8490173959508401
195,0.34909029076687637,0.8477016380434167
196,0.22533413929746793,0.8191953791389617
197,0.28004881025015255,0.8433713937069641
198,0.3327743774628993,0.8645090970067913
199,0.27456281152319,0.8501309453408803
200,0.2565100787265334,0.8423739077774894
201,0.2908938150326375,0.8457312738318361
202,0.4306643324426426,0.838293559384502
203,0.3952747046690418,0.8506781673854615
204,0.3605236046300224,0.8500696927458942
205,0.43102035671519506,0.8463477658032394
206,0.31902844198338787,0.8480996727913416
207,0.2231900778771272,0.8501297952119988
208,0.32896037972180103,0.8423099742896697
209,0.14971526544608413,0.8750841957014267
210,0.19758412424503882,0.8611830121752468
211,0.3006827589914521,0.838180742970808
212,0.38644359876498885,0.8599124003733755
213,0.32998108990888775,0.8681450919718068
214,0.3705517792882847,0.8353658536585366
215,0.3524554541503694,0.8390554831232797
216,0.12435017675192347,0.8578360019408054
217,0.19222836399636994,0.8616450787888789
218,0.3265475008275405,0.8476497848394572
219,0.37548134145487644,0.8485612266330603
220,0.15490196078431373,0.8492502883506343
221,0.2651739452257587,0.8584381939304219
222,0.24255175896313752,0.8558323514559838
223,0.13213816552043892,0.8575844216057492
224,0.36462132589573054,0.8599013087320317
225,0.2598499061913696,0.8547306352184401
226,0.19958448753462604,0.8441828254847645
227,0.4385995933162408,0.855008398903722
228,0.35440423812516836,0.8623507228158391
229,0.2003732736095558,0.8492721164613661
230,0.4782954206814344,0.85626303764776
231,0.25802218776094477,0.8556602648216629
232,0.3165351000845785,0.8373978009585565
233,0.3611211901306241,0.8483309143686503
234,0.3685365318510934,0.8495575221238938
235,0.2236410496719775,0.8366916588566073
236,0.27385368749072564,0.8519810060839887
237,0.3258699505550891,0.8456945610598003
238,0.5199950012496876,0.8499125218695326
239,0.22602976808584285,0.8422464520595362
240,0.25944700460829495,0.8619815668202765
241,0.26614347863174953,0.8446643350678154
242,0.5284575583834429,0.8549853167389176
243,0.29249865083648136,0.859282245008095
244,0.21461036277993553,0.8489381042889017
245,0.35968934219144755,0.831758210910452
246,0.287893483819769,0.8526584957234812
247,0.28561731014000846,0.8431056427662282
248,0.30640214682767875,0.8487636572742956
249,0.2003361526783778,0.8768163088267187
250,0.3623626143132813,0.8428559442906284
251,0.27148821218074654,0.8473722986247544
252,0.40963572267920095,0.8566392479435958
253,0.307192630211409,0.8530766505255699
254,0.31342961845225265,0.8605302866997198
255,0.22671619204842483,0.8701334433897372
256,0.2126508531002913,0.8291025107504508
257,0.375041304108382,0.856041414252671
258,0.20077813043923415,0.850209890447425
259,0.36942675159235666,0.8423836769944942
260,0.37614576346970713,0.8589313659736195
261,0.4981658854697371,0.8604035051966579
262,0.2220245658619229,0.8502329521389241
263,0.26812126298122313,0.8507290464701563
264,0.3408785529715762,0.8578811369509044
265,0.1689493602450892,0.840782122905028
266,0.3599002385599653,0.8423335502060291
267,0.30387736699729484,0.8397204688908927
268,0.1879049676025918,0.8614830813534917
269,0.41194029850746267,0.8633499170812604
270,0.4464858559346748,0.8299795858850977
271,0.18446601941747573,0.8549237170596394
272,0.28005464480874315,0.8484972677595628
273,0.3377808299813598,0.8634356911606004
274,0.19560637977730966,0.8546494131808606
275,0.3929666075173415,0.8653008549766091
276,0.3481310656289036,0.8452964350917651
277,0.18626189863648057,0.8698224852071006
278,0.3481023676880223,0.8464484679665738
279,0.0537156704361874,0.8577005923532579
280,0.2629082677589738,0.8430527110057131
281,0.3532844530899297,0.8342061948226844
282,0.15104877746059328,0.8407595879359563
283,0.22121719709659407,0.8639865996649916
284,0.24142676912489963,0.8559467828879459
285,0.20501410896461905,0.8555459084002605
286,0.563144891730853,0.8601947391367534
287,0.40401276789785684,0.8278613771089831
288,0.25469959454478436,0.8367121267969038
289,0.416815162805767,0.8530698201846753
290,0.21551292743953293,0.8417014178482068
291,0.19028091039573508,0.848882509739594
292,0.19374634716540035,0.8354763296317943
293,0.1199419869470631,0.8594633792603336
294,0.47833885209713023,0.8460264900662252
295,0.47163640464644185,0.8622984098342168
296,0.4102177554438861,0.8350083752093802
297,0.2934827302631579,0.8315172697368421
298,0.44202434336963486,0.8338671791586589
299,0.4902950310559006,0.8429089026915114
300,0.24573787959509857,0.8512253596164092
301,0.37002540220152413,0.8811741462037821
302,0.3669803250641574,0.8531508411747932
303,0.23265073947667805,0.8473265073947668
304,0.18405249110320285,0.8608763345195729
305,0.2946189432675919,0.8495252008765523
306,0.1894588439431732,0.8483895456024292
307,0.17496765847347995,0.86254851228978
308,0.4872842406291492,0.8418956184250843
309,0.41691801480669044,0.8335618316424458
310,0.16189801699716713,0.854957507082153
311,0.5750972762645914,0.8491569390402075
312,0.3551784071158368,0.8486862284020039
313,0.2625159293646459,0.8430730020025486
314,0.26525781910397295,0.8794590025359256
315,0.19373965802537232,0.8422504136789851
316,0.5002781641168289,0.848817802503477
317,0.29890560875512995,0.8431942544459644
318,0.1654373024236038,0.852242126214729
319,0.34173527549081695,0.8405319822672578
320,0.5299900033322226,0.8597134288570476
321,0.3363294060488279,0.8405198591036074
322,0.4729117990654206,0.8752920560747663
323,0.3430591259640103,0.8366323907455013
324,0.1686881880947938,0.8495988057473409
325,0.28559670781893004,0.8617283950617284
326,0.7356464270962412,0.8897149938042132
327,0.30035158211953794,0.8411183659802445
328,0.426345404703506,0.8567306305006492
329,0.28222768222768224,0.8597870597870598
330,0.34090298306906747,0.8352593388873959
331,0.17265353418308227,0.858864426419467
332,0.3069908814589666,0.8319583152409901
333,0.4928939237899073,0.8770339855818744
334,0.261644623346751,0.8483802951888059
335,0.2010178117048346,0.8427018274346518
336,0.05138527113426474,0.8923750887994317
337,0.15274431057563587,0.8536813922356091
338,0.02863177657826801,0.8392396151138231
339,0.49118279569892476,0.8621505376344086
340,0.37319923892362056,0.8494156020657787
341,0.3302943760984183,0.8541300527240774
342,0.4599612080908839,0.8464948739262954
343,0.061993957703927495,0.8801208459214501
344,0.32372881355932204,0.8494607087827427
345,0.20454212454212453,0.808937728937729
346,0.3275340393343419,0.8653555219364599
347,0.5722037986132047,0.8489599035272837
348,0.07058280793479932,0.896047977856374
349,0.38952687184198437,0.81427040269484
350,0.2736156351791531,0.8341476655808904
351,0.39378673383711166,0.8374475230898405
352,0.2610775073850049,0.8539879026586018
353,0.11118352450469239,0.8400677789363921
354,0.22797687861271676,0.8406936416184971
355,0.46006493506493507,0.8545454545454545
356,0.44436033308099926,0.8599545798637396
357,0.17332139659803045,0.8725156669650851
358,0.23609095307208514,0.8751814223512336
359,0.29658139008376727,0.8514829069504188
360,0.1900549115314216,0.8785845027455765
361,0.7489321309919317,0.8528713811105838
362,0.28937517995968903,0.8741721854304636
363,0.06398996235884567,0.8691521778096433
364,0.2689106044154904,0.8530582699963808
365,0.5627261761158022,0.8687173301166063
366,0.030883614526737203,0.8518730340291678
367,0.2400489895897122,0.8458358848744642
368,0.14605666156202143,0.8575803981623277
369,0.07224541659103285,0.8299146850608096
370,0.3640389725420726,0.8754059639799232
371,0.43572286744092914,0.8500200240288346
372,0.39881294275320694,0.8468313229944476
373,0.4602803738317757,0.8515293118096856
374,0.3784953395472703,0.87017310252996
375,0.43696162881754114,0.8488645262333594
376,0.36037966932026944,0.8677281077770974
377,0.2812719195697919,0.8552723871872808
378,0.2572549019607843,0.8684967320261437
379,0.3880597014925373,0.8528784648187633
380,0.4628508530544854,0.8428728673637864
381,0.17925219941348974,0.8401759530791789
382,0.4029826286463455,0.8561127499180596
383,0.20717816462497313,0.8590156888029229
384,0.20912547528517111,0.8636610537751223
385,0.38139000574382537,0.835918054757802
386,0.26173228346456695,0.8592125984251968
387,0.18982244188174996,0.8502654219293428
388,0.19865935405240706,0.8561852528945765
389,0.3392638036809816,0.8573619631901841
390,0.0634532103182075,0.8926755789870081
391,0.3025843503230438,0.8513998564249821
392,0.4362050163576881,0.8451472191930207
393,0.4773091297383876,0.8441003737319808
394,0.36040184177480117,0.8532858936793638
395,0.15346907993966818,0.8276772247360482
396,0.3518629209005778,0.877465630603706
397,0.13650195623822634,0.8734965946964208
398,0.21430213842262588,0.8673258220280524
399,0.2714637014861542,0.8780070565593927
400,0.13592573130145386,0.8591697320021019
401,0.19071691176470587,0.8777573529411765
402,0.4957283680175246,0.8683461117196057
403,0.21222040370976542,0.831151118385161
404,0.3929203539823009,0.8553729456384324
405,0.6049571603427173,0.8491432068543452
406,0.13698175787728026,0.8271973466003317
407,0.41957147425647584,0.8084425967380876
408,0.4198447519406007,0.8369895376307797
409,0.45302257829570286,0.8109978150036417
410,0.5210828941063728,0.8294202204120747
411,0.5572460030943786,0.8584321815368747
412,0.2635413367120684,0.8565093443142223
413,0.4100049858733588,0.867209572876849
414,0.412568306010929,0.8627574611181169
415,0.341581756428918,0.8819343360828077
416,0.27813067150635207,0.8781760435571688
417,0.11964799458453207,0.8302589270604163
418,0.2750431778929188,0.8924870466321243
419,0.7188905547226386,0.860944527736132
420,0.28061085355876736,0.8565584946823016
421,0.10391304347826087,0.8354347826086956
422,0.1854048478597215,0.8800928313563693
423,0.25368248772504093,0.8648585457096095
424,0.6242824339839265,0.8622273249138921
425,0.2098377812663527,0.8644688644688645
426,0.37272426348891097,0.8030453492221119
427,0.08278145695364239,0.9151490066225165
428,0.11449451887941535,0.8672350791717418
429,0.4183168316831683,0.8509139375476009
430,0.3451178451178451,0.8589599700710812
431,0.4472965592572365,0.8636446386309848
432,0.38162762022194824,0.8606658446362515
433,0.5403539059128183,0.8312473025463962
434,0.28350116189000774,0.8721920991479474
435,0.3667621776504298,0.8424068767908309
436,0.5339087546239211,0.8535758323057954
437,0.17650381248234961,0.8302739339169726
438,0.11158005803218148,0.8338169348456872
439,0.26390685640362227,0.8570504527813713
440,0.6686342357012008,0.8449012823122328
441,0.305111821086262,0.8648562300319489
442,0.21135298980435382,0.8798567098374208
443,0.3253012048192771,0.8734939759036144
444,0.334216920698034,0.8469184890656064
445,0.2577426015141087,0.8651066758430833
446,0.5423622047244094,0.8661417322834646
447,0.5663884076232477,0.8086312805166168
448,0.6934444865479348,0.8571428571428571
449,0.02764505119453925,0.8283276450511945
450,0.22897897897897898,0.8220720720720721
451,0.2714605195252021,0.8752795458455187
452,0.34011770475723396,0.8548307994114762
453,0.06353106353106353,0.8606528606528606
454,0.7465467394796017,0.8605846450369419
455,0.46752397558849174,0.8496076721883173
456,0.08924349881796691,0.8294917257683215
457,0.14323338735818478,0.8841166936790924
458,0.3043562066306862,0.8583269082498073
459,0.4480146890061969,0.8588478310764287
460,0.3000541125541126,0.8674242424242424
461,0.4830421377183967,0.8150051387461459
462,0.1582047685834502,0.8187938288920056
463,0.10646269122697471,0.8676241024039962
464,0.14308426073131955,0.8441971383147854
465,0.10582481102712317,0.8652734548688306
466,0.5031315240083507,0.8538622129436325
467,0.21170435999067383,0.8393564933550944
468,0.18303914044512662,0.8476592478894858
469,0.0718132854578097,0.8761220825852782
470,0.479734219269103,0.8202657807308971
471,0.11584158415841585,0.8678217821782178
472,0.3291163503929461,0.8543224075138969
473,0.4775524981897176,0.8736422881969588
474,0.2123149394347241,0.8438761776581427
475,0.054508405501782986,0.8237391747325522
476,0.16212792906903103,0.8575047498416719
477,0.1761271488809601,0.8494972429451833
478,0.3174513140480242,0.8436377387029684
479,0.23566249176005274,0.8437705998681608
480,0.2695902228612509,0.8454349388928828
481,0.3459500378501135,0.8542770628311885
482,0.5358874878758487,0.8409311348205626
483,0.46859903381642515,0.822463768115942
484,0.4844083724903887,0.8287056813327638
485,0.20273348519362186,0.835990888382688
486,0.2547709923664122,0.8373091603053435
487,0.6554479790994314,0.8576917166128785
488,0.062456627342123525,0.8535739070090215
489,0.19253058596265293,0.8515775917578879
490,0.11425,0.85625
491,0.14568546880836758,0.8401195367949197
492,0.4886128364389234,0.8571428571428571
493,0.5969683459652252,0.8167632634864022
494,0.26269638290098646,0.8472780416514432
495,0.3435426237876468,0.8647269014803471
496,0.26671732522796354,0.8351063829787234
497,0.35737415366499853,0.8610538710627024
498,0.33242753623188404,0.8674516908212561
499,0.1881375141669815,0.8979977332829618
500,0.10424028268551237,0.8688162544169611
501,0.26439232409381663,0.8509102837461047
502,0.4326465927099842,0.8748019017432647
503,0.33429394812680113,0.8472622478386167
504,0.6588413479742522,0.7978038621734191
505,0.2412953494034575,0.8147065984903823
506,0.22721396250808015,0.856819650937298
507,0.4384858044164038,0.8225552050473186
508,0.10443535703051274,0.8527838943063857
509,0.08053040103492885,0.8373221216041398
510,0.23059866962305986,0.8499630450849963
511,0.8204090806922903,0.8453585075297819
512,0.2318840579710145,0.8637064446500154
513,0.4433849821215733,0.8820023837902264
514,0.25170340681362724,0.8529058116232465
515,0.4593993325917686,0.8587319243604005
516,0.39821134384561074,0.8877382913626736
517,0.3235972328977709,0.8524212144504227
518,0.1722741433021807,0.8333333333333334
519,0.3993464052287582,0.8603485838779956
520,0.1577789994502474,0.845519516217702
521,0.2849162011173184,0.8278313864906044
522,0.07608178792201617,0.8416547788873039
523,0.45076122566968585,0.8629793794565427
524,0.2509637625289129,0.8326908249807248
525,0.3993392525294239,0.8232500516208962
526,0.33122629582806573,0.827433628318584
527,0.34794776119402987,0.8586753731343284
528,0.21786542923433874,0.8584686774941995
529,0.7115760111576012,0.8457461645746165
530,0.3955119214586255,0.844319775596073
531,0.29733879222108495,0.849539406345957
532,0.30890336590662326,0.8436482084690554
533,0.12212389380530973,0.8694198623402163
534,0.022203947368421052,0.8223684210526315
535,0.25165562913907286,0.8675496688741722
536,0.343980343980344,0.864045864045864
537,0.2438361888842457,0.8234433765148349
538,0.12023217247097844,0.8681592039800995
539,0.32377310388782665,0.8623326959847036
540,0.3532289628180039,0.8414872798434442
541,0.46298438403701564,0.8533834586466166
542,0.1763110307414105,0.8806509945750453
543,0.2602739726027397,0.8714096332302254
544,0.39188605955977557,0.8390159689253345
545,0.21785714285714286,0.8517857142857143
546,0.5992226794695931,0.8582533150434385
547,0.050270688321732405,0.8468677494199536
548,0.1086443079829948,0.8691544638639584
549,0.30878404296125816,0.8438818565400844
550,0.20036210018105008,0.8506336753168376
551,0.1992094861660079,0.8699604743083004
552,0.036585365853658534,0.8638211382113821
553,0.4978138663335415,0.8450968144909432
554,0.28092105263157896,0.8842105263157894
555,0.39882189882189883,0.8693693693693694
556,0.4297520661157025,0.8766687857596949
557,0.32096069868995636,0.865938864628821
558,0.262024890682812,0.8839556004036327
559,0.3314500941619586,0.8725674827369743
560,0.4106879244168881,0.859462651313847
561,0.33864713485566567,0.8737613097802671
562,0.0,0.8343949044585988
563,0.30145661811272956,0.8651044965167828
564,0.09375771033802122,0.8085368862570935
565,0.4209024433743535,0.867665418227216
566,0.2361064331424722,0.8602222970697204
567,0.01852731591448931,0.8764845605700713
568,0.6112469437652812,0.8319070904645477
569,0.4252212389380531,0.8663716814159292
570,0.025901942645698426,0.8260869565217391
571,0.26187419768934533,0.926829268292683
572,0.8523168908819133,0.8478325859491779
573,0.5643153526970954,0.8414015675426464
574,0.07308096740273397,0.8470031545741324
575,0.8366013071895425,0.8685548293391431
576,0.12586532410320955,0.8766519823788547
577,0.18521431380259537,0.8073141958316948
578,0.766107678729038,0.8781994704324801
579,0.5301850048685491,0.8558909444985394
580,0.4700609537468627,0.8741484403011832
581,0.0670926517571885,0.8390938135347081
582,0.2509505703422053,0.8453738910012675
583,0.16987951807228915,0.858433734939759
584,0.25770308123249297,0.8800186741363212
585,0.04709936817920735,0.8940264215967835
586,0.18360498561840843,0.826941514860978
587,0.3190702588483888,0.8705758055995774
588,0.0906706631697265,0.8692394155114275
589,0.5550708833151581,0.8473282442748091
590,0.16399826914755516,0.8714842059714409
591,0.15777777777777777,0.8511111111111112
592,0.23228995057660626,0.8401976935749588
593,0.3197767145135566,0.8732057416267942
594,0.14912280701754385,0.8128654970760234
595,0.11397058823529412,0.8303571428571429
596,0.4332148298628746,0.8537328593194515
597,0.00765420981539847,0.8820351193156236
598,0.23734610123119015,0.8673050615595075
599,0.0,0.8678196417541693
600,0.3993055555555556,0.8506944444444444
601,0.025819958129797628,0.8715980460572226
602,0.3708044752264251,0.8598827916888652
603,0.5551569506726457,0.8354260089686099
604,0.4667606768734891,0.8464947622884771
605,0.33859440142942226,0.8594401429422275
606,0.07728337236533958,0.8266978922716628
607,0.012102351313969572,0.8302213001383126
608,0.09260217278841179,0.8546301086394206
609,0.7078785002373043,0.9178927384907452
610,0.21619135234590617,0.8353265869365225
611,0.30918727915194344,0.8445229681978799
612,0.1574074074074074,0.8321759259259259
613,0.2493975903614458,0.8903614457831325
614,0.6217877094972067,0.8597765363128491
615,0.043541788427819986,0.9286966686148451
616,0.005429417571569595,0.8440276406712734
617,0.23496932515337424,0.8331288343558282
618,0.18728813559322033,0.7898305084745763
619,0.08024966562639323,0.8742755238519839
620,0.2594644506001847,0.8716528162511542
621,0.29298572315332094,0.8603351955307262
622,0.1387434554973822,0.8167539267015707
623,0.4163454124903624,0.8789514263685428
624,0.238029146426093,0.8695350451075642
625,0.6062678062678063,0.8729344729344729
626,0.19292803970223324,0.8734491315136477
627,0.2849248452696729,0.8428381962864722
628,0.43892165122156696,0.8694187026116259
629,0.08665511265164645,0.8942807625649913
630,0.2809667673716012,0.851963746223565
631,0.04783599088838269,0.9025056947608201
632,0.0,0.8590604026845637
633,0.10193740685543964,0.8366616989567809
634,0.8326271186440678,0.8707627118644068
635,0.06108283202221194,0.8755205923183711
636,0.1090589270008795,0.8636763412489006
637,0.16975609756097562,0.8439024390243902
638,0.056595559425337394,0.9216369177187637
639,0.48943820224719103,0.8112359550561797
640,0.11612475116124751,0.8838752488387525
641,0.4335195530726257,0.8536312849162011
642,0.6850453172205438,0.8338368580060423
643,0.13903743315508021,0.8588235294117647
644,0.321340964840556,0.8397383483237939
645,0.34502923976608185,0.8354775828460039
646,0.16442687747035573,0.867193675889328
647,0.2593957258658806,0.8563006632277081
648,0.8157602663706992,0.8745837957824639
649,0.0,0.888243831640058
650,0.11976630963972736,0.8617332035053554
651,0.0,0.7476038338658147
652,0.09023941068139964,0.825414364640884
653,0.0,0.8558558558558559
654,0.5260554089709762,0.8730211081794196
655,0.3107142857142857,0.8078571428571428
656,0.14023494860499267,0.8450807635829662
657,0.690712353471596,0.8656447249774571
658,0.09456985967053082,0.87248322147651
659,0.0546448087431694,0.8852459016393442
660,0.676491732566499,0.8576563623292596
661,0.30610795454545453,0.8565340909090909
662,0.4037487335359676,0.8733535967578521
663,0.7333333333333333,0.8697777777777778
664,0.3264058679706601,0.8300733496332519
665,0.12906878007359185,0.8434757996037362
666,0.04103967168262654,0.8604651162790697
667,0.11034184335785374,0.8632626568585028
668,0.2743977133523887,0.8713760718660678
669,0.17684210526315788,0.8421052631578947
670,0.8455162019593067,0.8857071087666415
671,0.8127340823970037,0.8239700374531835
672,0.2675656493967353,0.8495386799148332
673,0.2702387885847408,0.8648806057076296
674,0.7578187650360866,0.8380112269446672
675,0.2507753655294639,0.8870181657066903
676,0.6943957968476357,0.851138353765324
677,0.0,0.8595284872298625
678,0.22163588390501318,0.8786279683377308
679,0.8438003220611916,0.8743961352657005
680,0.12360446570972887,0.8536682615629984
681,0.6410640689396778,0.8295241663544398
682,0.36789297658862874,0.8361204013377926
683,0.1073512252042007,0.8477246207701283
684,0.1513094083414161,0.9010669253152279
685,0.6464968152866242,0.8146496815286625
686,0.08375893769152196,0.8764044943820225
687,0.9705304518664047,0.7632612966601179
688,0.09583144540099683,0.8554599003171727
689,0.30856709628506446,0.9029567854435178
690,0.11292675809746133,0.8818208345491684
691,0.08041014570966001,0.8494333513221802
692,0.37487019730010385,0.8504672897196262
693,0.7006507592190889,0.8503253796095445
694,0.3478386167146974,0.8582132564841498
695,0.4708955223880597,0.8664179104477612
696,0.2779552715654952,0.8445154419595314
697,0.0,0.861003861003861
698,0.0,0.8611111111111112
699,0.02958876629889669,0.8851554663991976
700,0.0,0.8711370262390671
701,0.449480642115203,0.8630783758262511
702,0.18308395677472986,0.8593100581878637
703,0.0,0.8423153692614771
704,0.8055024837600305,0.8383645395491021
705,0.34444444444444444,0.8572649572649572
706,0.8012839217974905,0.8540997957397141
707,0.7366026289180991,0.8442871587462083
708,0.6309487258213079,0.8913110224132638
709,0.027989821882951654,0.806615776081425
710,0.5778790389395194,0.8641259320629661
711,0.09843137254901961,0.8850980392156863
712,0.24440619621342513,0.8433734939759037
713,0.28278041074249605,0.8388625592417062
714,0.15731785944551901,0.8401031592520954
715,0.4768292682926829,0.823170731707317
716,0.047818791946308725,0.7965604026845637
717,0.12362301101591187,0.8372093023255814
718,0.32568149210903874,0.8378766140602583
719,0.1111111111111111,0.857516339869281
720,0.5490081680280047,0.8331388564760793
721,0.34535104364326374,0.8705882352941177
722,0.3459335624284078,0.8831615120274914
723,0.019189189189189187,0.8713513513513513
724,0.0,0.8823529411764706
725,0.25041736227045075,0.8158041179744018
726,0.5007429420505201,0.826151560178306
727,0.47815533980582525,0.8543689320388349
728,0.2361275088547816,0.8630460448642266
729,0.0,0.7857142857142857
730,0.0,0.8826530612244898
731,0.09031413612565445,0.8848167539267016
732,0.5716680637049455,0.8147527242246437
733,0.3574772789865051,0.8449462957862848
734,0.12414733969986358,0.8315143246930423
735,0.23450413223140495,0.8915289256198347
736,0.30242214532871975,0.91280276816609
737,0.3592356687898089,0.8904458598726115
738,0.5105973025048169,0.8439306358381503
739,0.09294871794871795,0.8012820512820513
740,0.0,0.8808724832214765
741,0.28038897893030795,0.8662884927066451
742,0.23641563393708293,0.8603431839847474
743,0.482484076433121,0.8702229299363057
744,0.2824791418355185,0.8104886769964244
745,0.7768281101614435,0.8148148148148148
746,0.3393854748603352,0.8421787709497207
747,0.4309063893016345,0.8801386825160971
748,0.26304481276856967,0.8885819521178637
749,0.15325077399380804,0.8779301194161875
750,0.0554694762937713,0.844747443445925
751,0.10238907849829351,0.8327645051194539
752,0.2998533724340176,0.8856304985337243
753,0.33829138062547676,0.8661327231121282
754,0.6605504587155964,0.8577981651376146
755,0.4268443893366398,0.8462492250464972
756,0.017034068136272545,0.8617234468937875
757,0.549079754601227,0.84560327198364
758,0.09451518119490696,0.8599412340842312
759,0.0744920993227991,0.8645598194130926
760,0.5793738489871086,0.8530386740331491
761,0.4710860366713681,0.7813822284908322
762,0.0,0.8533653846153846
763,1.0,0.9016393442622951
764,0.39203084832904883,0.8543273350471294
765,0.04978165938864629,0.8209606986899564
766,0.2289114455722786,0.896744837241862
767,0.0,0.8922670191672174
768,0.3244047619047619,0.8363095238095238
769,0.0,0.8560817084493965
770,0.30344827586206896,0.8758620689655172
771,0.6068911511354738,0.8324197337509789
772,0.0,0.8950354609929078
773,0.4486447931526391,0.8701854493580599
774,0.571969696969697,0.8800505050505051
775,0.22666666666666666,0.8538888888888889
776,0.5220949263502455,0.853518821603928
777,0.6246992782678428,0.8580593424218124
778,0.0,0.7869986168741355
779,0.1150990099009901,0.8997524752475248
780,0.0,0.9090398652442448
781,0.23076923076923078,0.8141025641025641
782,0.30038022813688214,0.8593155893536122
783,0.24421831637372804,0.7502312673450509
784,0.18055555555555555,0.8425925925925926
785,0.5105067985166872,0.8331273176761433
786,0.0,0.8651026392961877
787,0.6940298507462687,0.9291044776119403
788,0.0,0.8994252873563219
789,0.03356367226061204,0.792694965449161
790,0.0,0.8807339449541285
791,0.4498448810754912,0.8479834539813857
792,0.15792922673656618,0.8885976408912188
793,0.0,0.8077858880778589
794,0.4486735870818916,0.8619761630142253
795,0.18957515173152445,0.8421992145662264
796,0.0,0.8235294117647058
797,0.5947467166979362,0.8348968105065666
798,0.0,0.8642857142857143
799,0.1840607210626186,0.8804554079696395
800,0.07992202729044834,0.8187134502923976
801,0.0,0.870722433460076
802,0.4112646121147715,0.8629117959617428
803,0.17740232312565998,0.7983104540654699
804,0.10113493064312737,0.9097099621689786
805,0.04363636363636364,0.889090909090909
806,0.0,0.8741007194244604
807,0.6501650165016502,0.7607260726072608
808,0.0,0.8254573170731707
809,0.3079667063020214,0.8275862068965517
810,0.19732937685459942,0.8605341246290801
811,0.06637744034707159,0.8563991323210413
812,1.0,0.8917378917378918
813,0.7820773930753564,0.8676171079429735
814,0.06053811659192825,0.8677130044843049
815,0.16231884057971013,0.8405797101449275
816,0.0,0.8227272727272728
817,0.5741293532338309,0.8616915422885573
818,0.3517117117117117,0.8587387387387387
819,0.0,0.8428128231644261
820,0.0,0.8516445066480056
821,0.738498789346247,0.8498789346246973
822,0.2937142857142857,0.8834285714285715
823,0.6958333333333333,0.8708333333333333
824,0.1812015503875969,0.8599806201550387
825,1.0,0.8421052631578947
826,0.04111842105263158,0.8207236842105263
827,0.5274261603375527,0.8762306610407876
828,0.6434782608695652,0.831055900621118
829,0.7324538258575198,0.8158311345646438
831,0.4167725540025413,0.8767471410419314
832,0.46629213483146065,0.8932584269662921
833,0.0,0.8440111420612814
834,0.0,0.8771760154738878
835,0.3325892857142857,0.8459821428571429
836,0.43761755485893417,0.8583072100313479
837,0.0,0.8878665899942496
838,0.06188925081433225,0.8713355048859935
839,0.0,0.8249619482496194
840,0.0,0.858058608058608
841,0.3797979797979798,0.8666666666666667
842,0.2778159340659341,0.8567994505494505
843,0.4316654219566841,0.7961165048543689
844,0.45516769336071183,0.8069815195071869
845,0.0,0.8678678678678678
846,0.0847953216374269,0.8216374269005848
847,0.0,0.925
848,0.2430167597765363,0.8156424581005587
849,0.11746280344557557,0.836335160532498
850,0.903470715835141,0.8926247288503254
851,0.7800910865322056,0.8640208197787899
852,0.896328293736501,0.7710583153347732
853,0.0,0.8131634819532909
854,0.4392523364485981,0.8753894080996885
855,0.020804438280166437,0.8668515950069348
856,0.23570759137769448,0.8603561387066542
857,0.0257201646090535,0.8940329218106996
858,0.16047745358090185,0.8660477453580901
859,0.4026086956521739,0.8878260869565218
860,0.0,0.8449008498583569
861,0.06426735218508997,0.7994858611825193
862,0.01094391244870041,0.8461012311901505
863,1.0,0.7689655172413793
864,0.896887159533074,0.8287937743190662
865,0.0,0.8361075544174136
866,0.16328828828828829,0.8254504504504504
867,0.04275788348476751,0.8642437199358631
868,0.0,0.8832807570977917
869,0.6288585786073223,0.8205312275664034
870,0.5900151285930408,0.8456883509833586
871,0.43628318584070797,0.863716814159292
872,0.5601173020527859,0.8365102639296188
873,0.8683385579937304,0.9090909090909091
874,0.0,0.85
875,0.36231884057971014,0.8961352657004831
876,0.1347305389221557,0.8712574850299402
877,0.0,0.8694550063371356
878,0.0780338794779228,0.8428214384893086
879,1.0,0.8612903225806452
880,0.0,0.8768233387358185
881,0.0,0.9107142857142857
882,0.0,0.8634686346863468
883,0.18501170960187355,0.7985948477751756
884,0.0,0.8277153558052435
885,0.884133611691023,0.8152400835073069
886,0.0,0.8554838709677419
887,0.0,0.9288389513108615
888,0.01016260162601626,0.8943089430894309
889,0.43454038997214484,0.8871866295264624
890,0.0870488322717622,0.8910120311394196
891,0.0,0.8576874205844981
892,0.11075612353567625,0.8242811501597445
893,0.15251442704039572,0.854080791426216
894,0.29777777777777775,0.797037037037037
895,0.14993481095176012,0.877444589308996
896,0.03402854006586169,0.8869374313940724
897,0.19414316702819956,0.8655097613882863
898,0.18019480519480519,0.8469967532467533
899,0.44019138755980863,0.8380041011619959
900,0.8543689320388349,0.8203883495145631
901,0.36906077348066296,0.8751381215469614
902,0.36470588235294116,0.8431372549019608
903,0.3779677113010446,0.8670465337132004
904,0.38177874186550975,0.8503253796095445
905,0.0,0.85
906,0.7554535017221584,0.8117106773823192
907,0.0,0.8140520896426409
908,0.0,0.8163265306122449
909,0.2292134831460674,0.8280898876404494
910,0.41296687808315713,0.8329809725158562
911,0.0,0.8860958366064414
912,0.0,0.8472222222222222
914,0.4802469135802469,0.8765432098765432
915,0.5192307692307693,0.8538461538461538
916,0.6151603498542274,0.8556851311953353
917,0.0,0.8584905660377359
918,0.5608552631578947,0.8486842105263158
919,0.18487394957983194,0.8697478991596639
920,0.0,0.8569753810082064
922,0.3625632377740304,0.8785834738617201
923,0.0,0.8409090909090909
924,0.0642791551882461,0.8292011019283747
925,0.530349478847333,0.8632740649908032
926,0.0,0.7379912663755459
927,0.0,0.8132611637347767
928,0.25431530494821636,0.8550057537399309
929,0.0,0.8333333333333334
930,0.0,0.8270440251572327
931,0.24685138539042822,0.8778337531486146
932,0.9424342105263158,0.8569078947368421
933,0.3930635838150289,0.8227360308285164
934,0.0,0.8651933701657458
935,0.945273631840796,0.8731343283582089
936,0.8833499501495513,0.9411764705882353
937,0.0,0.8926353149955635
938,0.0,0.8
939,0.0,0.8693181818181818
940,0.12401215805471125,0.8279635258358663
941,0.9618406285072951,0.9034792368125701
942,1.0,0.7611940298507462
943,0.5634075508228461,0.8199419167473379
944,0.12992125984251968,0.9346456692913386
945,0.8005865102639296,0.8475073313782991
946,1.0,0.6890034364261168
947,0.5252808988764045,0.8623595505617978
948,0.6730769230769231,0.8461538461538461
949,0.0,0.8425480769230769
950,0.0,0.8878132118451025
951,0.0,0.8395953757225434
952,0.36940639269406395,0.8853881278538813
953,0.24357876712328766,0.8591609589041096
954,0.25630252100840334,0.8554621848739495
955,0.0,0.8833333333333333
956,0.0,0.7835990888382688
957,0.41021788129226144,0.8722764838467317
958,0.05132743362831858,0.8920353982300885
959,0.0,0.814868804664723
960,0.1841755319148936,0.7200797872340425
962,1.0,0.8823529411764706
963,0.1488,0.7936
964,0.0,0.8024691358024691
965,0.45665445665445664,0.8137973137973138
966,0.0,0.8082595870206489
967,0.3486973947895792,0.9038076152304609
968,0.5334346504559271,0.837386018237082
969,0.7808577405857741,0.856694560669456
970,0.0,0.8461538461538461
971,0.43818849449204406,0.8641370869033048
972,0.2369439071566731,0.8539651837524178
973,0.009908536585365854,0.8269817073170732
974,0.17,0.9225
975,0.0,0.8734177215189873
976,1.0,0.8970588235294118
977,0.0,0.8125
978,0.0,0.8275862068965517
979,0.2959905660377358,0.8254716981132075
980,0.2697715289982425,0.8804920913884007
981,0.668,0.824
982,0.1469017094017094,0.8830128205128205
983,0.0,0.8571428571428571
984,0.1101813110181311,0.8758716875871687
985,0.050880626223091974,0.8884540117416829
986,0.1297709923664122,0.8193384223918575
987,0.43630849220103984,0.8565857885615251
988,0.0,0.828649138712602
989,0.8415841584158416,0.7673267326732673
990,0.0,0.8564814814814815
991,0.2349869451697128,0.8694516971279374
992,0.0,0.8828725038402457
993,1.0,0.9173693086003373
994,0.26308311626805586,0.87402320625148
995,0.0,0.8266666666666667
996,0.8918187964841109,0.8762677484787018
997,1.0,0.8275
998,0.6319444444444444,0.8836805555555556
999,0.0,0.8402366863905325
1000,0.0,0.9215572341661824
1001,0.11863057324840764,0.803343949044586
1002,0.0,0.9018867924528302
1003,0.7663398692810458,0.7712418300653595
1004,0.0,0.9138276553106213
1005,0.06924315619967794,0.8405797101449275
1006,0.6898608349900597,0.9264413518886679
1007,0.0,0.89375
1008,0.0,0.8419117647058824
1009,0.1303370786516854,0.8764044943820225
1010,0.0,0.8928571428571429
1011,0.0,0.917098445595855
1012,0.0,0.7357512953367875
1014,0.218609865470852,0.874439461883408
1015,0.0,0.8687150837988827
1016,0.045102379634753734,0.9136690647482014
1017,0.37091675447839834,0.8693361433087461
1018,0.0,0.8201320132013201
1020,0.07383849557522124,0.9101216814159292
1022,1.0,0.8431372549019608
1023,0.4389380530973451,0.9185840707964602
1024,0.6970588235294117,0.8294117647058824
1025,1.0,0.8865979381443299
1026,0.08933333333333333,0.864
1027,0.0,0.8913043478260869
1028,0.26306620209059234,0.8850174216027874
1029,0.6251246261216351,0.8334995014955134
1030,0.233201581027668,0.8735177865612648
1031,0.0,0.8823529411764706
1032,0.2489905787348587,0.8398384925975774
1033,0.0,0.8597402597402597
1034,0.652972972972973,0.8745945945945945
1037,0.0,0.9333333333333333
1038,0.12048192771084337,0.8640275387263339
1039,0.8696151636990236,0.8345778288340034
1040,0.8027522935779816,0.8501529051987767
1041,1.0,0.8561151079136691
1042,0.0,0.8202247191011236
1043,0.0,0.8431372549019608
1044,0.0,0.8762886597938144
1045,0.14705882352941177,0.8333333333333334
1046,0.0,0.9491525423728814
1047,0.07854984894259819,0.8429003021148036
1048,0.0,0.8178633975481612
1049,0.0,0.8767123287671232
1050,0.352112676056338,0.8345070422535211
1051,1.0,0.8653846153846154
1052,0.10578842315369262,0.8203592814371258
1053,0.0,0.9217432052483598
1054,0.8029400079459674,0.8720699245133094
1055,0.2941590429275158,0.88036593947924
1056,1.0,0.8402777777777778
1057,0.31962025316455694,0.8908227848101266
1058,0.2200825309491059,0.843878954607978
1059,0.01634241245136187,0.9089494163424124
1060,0.05894519131334023,0.921406411582213
1061,0.0,0.8702928870292888
1062,0.9337349397590361,0.8825301204819277
1063,0.0,0.8620689655172413
1064,0.34285714285714286,0.9224489795918367
1065,0.23660130718954248,0.9032679738562092
1066,0.5352260778128286,0.8349106203995794
1067,0.0,0.8180112570356473
1068,0.0,0.8112745098039216
1069,0.0,0.8149882903981265
1070,0.1859504132231405,0.8884297520661157
1071,0.6977660972404731,0.8370565045992115
1072,0.0,0.9344262295081968
1073,0.09090909090909091,0.8784473953013279
1074,0.0,0.8862275449101796
1075,0.7222222222222222,0.9141414141414141
1076,0.0,0.84
1077,0.0,0.8792372881355932
1078,0.0,0.8782435129740519
1079,0.6557017543859649,0.881578947368421
1080,0.43993231810490696,0.868020304568528
1081,1.0,0.7716763005780347
1082,0.42454394693200664,0.8640132669983416
1083,0.06941838649155722,0.8818011257035647
1084,0.33430232558139533,0.8037790697674418
1085,0.29160935350756534,0.8198074277854195
1086,0.786628733997155,0.9260312944523471
1087,0.05982905982905983,0.8728632478632479
1088,0.0,0.8877338877338877
1089,1.0,0.8951612903225806
1090,0.0,0.9281674208144797
1091,0.35221421215242016,0.8455200823892894
1092,0.6438809261300992,0.7772877618522602
1093,0.15158924205378974,0.9205378973105135
1094,0.0,0.8933002481389578
1095,0.0,0.8560193587416818
1096,0.3742156303479749,0.8357102110667427
1097,0.0,0.9267803410230692
1099,1.0,0.9043062200956937
1100,0.0,0.796812749003984
1101,0.0,0.9111111111111111
1102,0.0,0.8921499292786421
1103,0.24669603524229075,0.8951541850220265
1104,1.0,0.8705202312138728
1105,0.0,0.8188405797101449
1106,0.0,0.9210526315789473
1107,0.7924528301886793,0.8427672955974843
1108,0.0,0.9375
1109,0.9417249417249417,0.8717948717948718
1110,0.0560875512995896,0.8235294117647058
1111,0.0,0.9018264840182648
1112,0.6294227188081937,0.8603351955307262
1113,0.19790104947526238,0.8740629685157422
1114,1.0,0.7586206896551724
1115,0.0,0.8131868131868132
1116,1.0,0.8253968253968254
1117,0.0,0.8522727272727273
1118,0.0,0.9310344827586207
1119,0.0,0.8582089552238806
1120,0.8808234019501625,0.838569880823402
1121,1.0,0.8650793650793651
1122,0.6274424663482414,0.8441163699522363
1123,0.4688485804416404,0.8947160883280757
1124,0.6251276813074566,0.8529111338100103
1125,0.73816029143898,0.8938979963570127
1126,1.0,0.7727272727272727
1127,0.18741976893453144,0.8112965340179717
1128,0.5540540540540541,0.8445945945945946
1129,0.34532374100719426,0.7787769784172662
1130,0.0,0.890625
1131,0.0,0.8860153256704981
1132,0.0,0.9175257731958762
1133,0.0,0.8660194174757282
1134,0.24922600619195046,0.8699690402476781
1135,0.01437607820586544,0.902242668200115
1136,0.0,0.7714285714285715
1137,0.07786259541984733,0.9114503816793893
1138,0.10840108401084012,0.8340108401084011
1139,0.0,1.0
1140,0.35970333745364647,0.8405438813349815
1142,0.0,0.8803786574870912
1143,0.6053511705685619,0.8762541806020067
1144,0.0,0.904424778761062
1145,0.09251101321585903,0.8325991189427313
1146,0.5957446808510638,0.8085106382978723
1147,0.3938356164383562,0.8321917808219178
1148,0.4831932773109244,0.8886554621848739
1149,1.0,0.8539823008849557
1150,0.0,0.8110236220472441
1151,0.14746543778801843,0.8709677419354839
1152,0.6351084812623274,0.8895463510848126
1153,0.0,0.8493975903614458
1154,0.0,0.7937743190661478
1155,0.9459459459459459,0.8766891891891891
1156,0.5784313725490197,0.8755656108597285
1157,0.0,0.7116104868913857
1158,0.25806451612903225,0.8830645161290323
1159,0.7260034904013961,0.7975567190226877
1160,0.04929577464788732,0.8345070422535211
1161,0.6334841628959276,0.7647058823529411
1162,0.02602063705697622,0.8308658591296546
1163,0.0,0.833605220228385
1164,0.17967781908302355,0.8277571251548946
1165,0.0,0.8823529411764706
1167,0.0,0.7769784172661871
1168,0.8520710059171598,0.8979289940828402
1169,0.0,0.8598484848484849
1170,0.3960731211916046,0.903182125930941
1172,0.0,0.9002770083102493
1174,0.2696629213483146,0.8848314606741573
1175,0.12735849056603774,0.8584905660377359
1176,0.0,0.9385113268608414
1177,0.0,0.9069767441860465
1178,0.0,0.7997858672376874
1179,0.0,0.91005291005291
1180,1.0,0.8609271523178808
1181,0.4195519348268839,0.8574338085539714
1183,0.0436046511627907,0.8561046511627907
1184,0.0,0.8092485549132948
1185,1.0,0.8256880733944955
1186,0.0,0.906832298136646
1187,0.0,0.860655737704918
1188,0.8958333333333334,0.8246527777777778
1189,0.0,0.8925619834710744
1190,0.0,0.8590455049944506
1191,1.0,0.7961165048543689
1192,0.19955156950672645,0.8699551569506726
1193,0.0,0.8664688427299704
1194,0.0,0.8011049723756906
1195,1.0,0.8508064516129032
1196,1.0,0.8721804511278195
1197,0.0,0.8705035971223022
1198,0.07754206291148501,0.8639356254572056
1199,0.05015197568389058,0.8662613981762918
1200,0.10624493106244931,0.8669910786699108
1201,0.0,0.7909090909090909
1202,0.41452991452991456,0.8376068376068376
1203,0.44857142857142857,0.8971428571428571
1204,0.0,0.87527352297593
1205,0.7248062015503876,0.8507751937984496
1206,0.5975024015369836,0.808837656099904
1207,0.42592592592592593,0.8319088319088319
1208,0.0,0.8845070422535212
1209,1.0,0.8690702087286527
1210,0.5536723163841808,0.8192090395480226
1211,0.4351851851851852,0.9143518518518519
1212,1.0,0.8584070796460177
1213,0.09202453987730061,0.7760736196319018
1214,0.0,0.8616125150421179
1215,0.0,0.8714285714285714
1219,1.0,0.8931475029036005
1220,1.0,0.9077490774907749
1221,0.0,0.8922558922558923
1222,0.0,0.8168103448275862
1223,0.0,0.8305555555555556
1224,0.0,0.8818380743982495
1226,1.0,0.8936170212765957
1227,0.0,0.8408488063660478
1228,0.24351585014409222,0.8580691642651297
1229,0.0,0.8551724137931035
1231,0.0,0.8735632183908046
1232,0.24897119341563786,0.8463648834019204
1233,0.03984819734345351,0.8064516129032258
1234,0.48,0.8977777777777778
1235,0.0,0.783625730994152
1236,0.7663280116110305,0.8896952104499274
1237,0.0,0.8209876543209876
1239,0.1296928327645051,0.89419795221843
1240,0.0,0.9333333333333333
1241,0.0,0.9127358490566038
1242,1.0,0.7619047619047619
1243,0.6339434276206323,0.8818635607321131
1244,0.34065934065934067,0.8992673992673993
1245,0.8044692737430168,0.8938547486033519
1247,0.0,0.8200692041522492
1249,0.0,0.8931185944363104
1250,0.0,0.859622641509434
1251,0.0,0.9018036072144289
1252,0.0,0.8839590443686007
1253,0.13424657534246576,0.8794520547945206
1254,0.1256544502617801,0.8795811518324608
1255,0.0,0.904
1256,0.6546961325966851,0.8324125230202578
1257,0.0,0.8338461538461538
1258,0.0,0.7678571428571429
1259,0.0,0.8341463414634146
1260,0.14545454545454545,0.8590909090909091
1263,0.0,0.864804469273743
1264,0.0,0.8577127659574468
1265,0.0,0.803030303030303
1266,1.0,0.868421052631579
1268,0.0,0.8888888888888888
1269,0.0,0.8647959183673469
1270,1.0,0.8589743589743589
1271,0.48615384615384616,0.8276923076923077
1272,0.1927710843373494,0.9518072289156626
1273,0.2913907284768212,0.869757174392936
1274,0.0,0.898989898989899
1275,1.0,0.8674351585014409
1277,0.0,0.838150289017341
1278,0.0,0.8245382585751979
1279,0.0,0.8746666666666667
1280,0.0,0.8475452196382429
1281,0.09872611464968153,0.8805732484076433
1282,0.2125,0.8391666666666666
1283,0.0,0.8477443609022557
1284,0.0,0.7762938230383973
1286,0.7342908438061041,0.8420107719928187
1287,1.0,0.8793103448275862
1288,0.0,0.8711072664359861
1289,0.6632768361581921,0.8146892655367232
1290,0.07132018209408195,0.858877086494689
1291,0.6365384615384615,0.8
1292,0.6302367941712204,0.7978142076502732
1293,0.0,0.8420138888888888
1294,0.0,0.8421052631578947
1295,0.15272978576364893,0.848652384243262
1296,0.2348993288590604,0.8456375838926175
1297,0.0,0.8897058823529411
1298,0.0,0.8376811594202899
1299,0.3427471116816431,0.8472400513478819
1300,1.0,0.7676767676767676
1301,0.0,0.8389610389610389
1302,0.0,0.7811735941320294
1303,0.0,0.8769230769230769
1304,0.0,0.7678571428571429
1305,0.6762589928057554,0.8489208633093526
1306,0.0,0.8536184210526315
1307,0.0,0.7058823529411765
1309,0.0,0.7987804878048781
1310,1.0,0.8
1312,0.0,0.8316326530612245
1313,0.0,0.845360824742268
1314,0.5475543478260869,0.8654891304347826
1315,0.15163934426229508,0.9215456674473068
1317,0.3600944510035419,0.8488783943329398
1318,1.0,0.9054726368159204
1319,0.0,0.8345864661654135
1320,0.07083333333333333,0.8472222222222222
1321,0.0,0.9098712446351931
1322,0.0,0.8261226725082147
1323,0.0,0.8528735632183908
1325,0.0,0.8011049723756906
1326,0.07677902621722846,0.9044943820224719
1327,0.0,0.9004854368932039
1329,0.0,0.8220338983050848
1330,0.655367231638418,0.7836965294592413
1331,0.38676844783715014,0.8676844783715013
1332,0.610062893081761,0.8238993710691824
1334,0.0,0.9565217391304348
1335,0.0,0.8355048859934854
1336,0.32370820668693007,0.831306990881459
1337,0.516093229744728,0.8756936736958935
1338,0.20588235294117646,0.8235294117647058
1340,0.0,0.8965936739659367
1341,0.2759315206445116,0.878147029204431
1343,0.0,0.7807881773399015
1344,0.0,0.9096385542168675
1345,1.0,0.8464163822525598
1346,0.0,0.8695652173913043
1347,0.0,0.816793893129771
1348,0.22202166064981949,0.8104693140794224
1349,0.0,0.912751677852349
1350,0.0,0.8171114599686028
1351,0.0,0.9019607843137255
1352,0.860813704496788,0.9014989293361885
1353,0.0,0.9128919860627178
1354,0.0,0.9146341463414634
1355,0.0,0.875
1356,0.09516380655226209,0.7644305772230889
1358,0.0,0.8102189781021898
1359,0.0,0.8836565096952909
1360,1.0,0.9054054054054054
1361,0.0,0.912232204561161
1362,0.0,0.7304347826086957
1363,1.0,0.8680555555555556
1366,1.0,0.7843137254901961
1367,1.0,0.9302325581395349
1368,0.0,0.8854166666666666
1369,0.0,0.8552036199095022
1370,0.0,0.8461538461538461
1371,1.0,0.9
1372,0.0,0.8939929328621908
1373,0.0,0.8840125391849529
1375,0.34278959810874704,0.8794326241134752
1376,0.0,0.8512931034482759
1377,1.0,0.930835734870317
1378,0.35308343409915355,0.8633615477629988
1379,0.0,0.7732919254658385
1380,0.0,0.78
1381,0.0,0.7971698113207547
1383,0.3153409090909091,0.8551136363636364
1384,0.0,0.8388278388278388
1385,0.10095642933049948,0.8453772582359192
1386,1.0,0.8986013986013986
1387,0.7206703910614525,0.8715083798882681
1388,0.03481392557022809,0.8691476590636255
1389,0.0,0.8378378378378378
1390,0.0,0.8128342245989305
1391,0.4385026737967914,0.771581359816654
1392,0.9092849519743863,0.8207043756670224
1393,0.6901408450704225,0.8929577464788733
1395,0.33784373635966825,0.8694893059799215
1396,0.0,0.8803763440860215
1397,0.1,0.8617977528089887
1398,0.0,0.7468354430379747
1399,0.0,0.8853932584269663
1400,0.0,0.875
1401,0.0,0.8046875
1403,0.0,0.8940092165898618
1405,0.0,0.8272506082725061
1406,0.0,0.9029850746268657
1407,1.0,0.8515625
1408,0.22965116279069767,0.7994186046511628
1410,0.0,0.8171667829727843
1411,1.0,0.8516801853997682
1412,1.0,0.8744113029827315
1414,1.0,0.8064516129032258
1415,0.43820224719101125,0.8576779026217228
1416,0.0,0.863905325443787
1417,0.17659574468085107,0.8170212765957446
1418,1.0,0.8694581280788177
1420,0.0,0.9181494661921709
1421,0.0,0.8848484848484849
1423,0.0,0.8235294117647058
1424,0.0,0.9008264462809917
1425,0.4315514993481095,0.8135593220338984
1427,0.0,0.8888888888888888
1429,1.0,0.8804347826086957
1430,0.0,0.8738049713193117
1431,0.0,0.8929889298892989
1432,1.0,0.8902077151335311
1433,0.5474209650582362,0.908485856905158
1436,0.07571214392803598,0.8868065967016492
1437,0.3670886075949367,0.8835443037974684
1438,0.29561752988047807,0.8701195219123506
1439,0.0,0.8787878787878788
1440,0.0,0.8359109769898152
1441,0.8280254777070064,0.8598726114649682
1443,0.0,0.9235668789808917
1444,0.9224137931034483,0.8577586206896551
1445,0.09090909090909091,0.8375558867362146
1446,0.0,0.6086956521739131
1448,0.0,0.8549222797927462
1451,0.0,1.0
1453,0.5,0.8790849673202614
1454,0.889937106918239,0.8616352201257862
1455,0.24015748031496062,0.8248031496062992
1456,0.0,0.7782178217821782
1457,0.5272727272727272,0.9254545454545454
1458,0.0,0.8239564428312159
1459,0.0,0.855
1461,0.0,0.8402903811252269
1462,0.09871244635193133,0.8755364806866953
1463,0.4769775678866588,0.8441558441558441
1464,0.6370370370370371,0.7950617283950617
1466,0.17988394584139264,0.8365570599613152
1467,0.0,0.848780487804878
1468,0.9112741827885257,0.8605737158105403
1469,1.0,0.8450704225352113
1470,0.0,0.8472222222222222
1472,0.0,0.8820224719101124
1475,1.0,0.8067632850241546
1476,0.0,0.8969072164948454
1479,0.0,0.8850174216027874
1483,0.0,0.8536585365853658
1484,0.0,0.9285714285714286
1487,0.0,0.8648648648648649
1488,0.48825214899713465,0.8229226361031519
1489,0.4144144144144144,0.9144144144144144
1490,0.0,0.8705501618122977
1494,1.0,0.9032258064516129
1495,0.0,0.8571428571428571
1496,0.5070242656449553,0.8722860791826309
1497,0.7088122605363985,0.9540229885057471
1499,0.0,0.8315789473684211
1502,0.0,0.8333333333333334
1503,1.0,0.9305555555555556
1506,0.0,0.9046563192904656
1507,0.28888888888888886,0.8888888888888888
1509,0.0,0.8544600938967136
1510,0.2704626334519573,0.8825622775800712
1512,1.0,0.9044368600682594
1514,1.0,0.7446808510638298
1515,0.0,0.9102564102564102
1516,0.0,0.7948717948717948
1517,1.0,0.8724637681159421
1518,0.0,0.8712121212121212
1519,0.0,0.696078431372549
1520,0.22201834862385322,0.8247706422018348
1522,0.8274021352313167,0.7864768683274022
1523,0.0,0.8940217391304348
1526,0.0,0.9084967320261438
1527,0.0,0.8085106382978723
1528,0.0,0.9281674208144797
1530,0.0,0.9594594594594594
1531,0.8341323106423778,0.8465963566634708
1532,0.7701056051990252,0.8659626320064988
1534,0.0,0.8838951310861424
1535,0.0,0.8556149732620321
1536,0.0,0.8518518518518519
1538,0.0,0.9253731343283582
1540,0.0,0.8620689655172413
1541,0.0,0.8042704626334519
1542,0.0,0.8129770992366412
1543,0.681592039800995,0.8288557213930349
1544,0.48295454545454547,0.8394886363636364
1545,0.0,0.791907514450867
1546,0.0,0.8373983739837398
1547,0.0,0.9281674208144797
1548,1.0,0.9493670886075949
1549,0.12780269058295965,0.905829596412556
1551,0.8885416666666667,0.9364583333333333
1552,0.0,0.8639455782312925
1553,0.0,0.8099415204678363
1554,0.0,0.8838709677419355
1555,1.0,0.9552238805970149
1556,1.0,0.8803418803418803
1557,0.0,0.8007380073800738
1558,0.7068825910931175,0.8129554655870446
1559,0.0,0.8653846153846154
1560,0.0,0.7849462365591398
1561,0.0,0.827661909989023
1565,0.0,0.9080459770114943
1566,1.0,0.7536231884057971
1568,0.0,0.75
1569,0.5016393442622951,0.839344262295082
1570,0.0,0.795774647887324
1571,0.0,0.7619047619047619
1572,0.7090163934426229,0.8647540983606558
1573,0.0,0.8819875776397516
1574,0.17462828218918064,0.8443530528313825
1576,1.0,0.8839779005524862
1577,0.7425249169435216,0.8654485049833887
1580,0.0,0.89375
1581,1.0,0.8640776699029126
1583,1.0,0.8344827586206897
1584,0.4357894736842105,0.8821052631578947
1586,0.0,0.9365750528541226
1587,0.0,0.9271255060728745
1588,0.0,0.82
1589,0.41325301204819276,0.9204819277108434
1590,0.29345372460496616,0.8679458239277652
1593,1.0,0.8503787878787878
1594,1.0,0.890625
1596,0.0,0.883419689119171
1597,0.13817330210772832,0.9250585480093677
1598,0.0,0.8611111111111112
1599,0.0,0.7777777777777778
1600,0.0,0.8829787234042553
1601,0.0,0.875
1602,1.0,0.7924528301886793
1606,0.0,0.8305084745762712
1607,1.0,0.7338129496402878
1609,0.32122370936902483,0.8030592734225621
1610,0.0,0.816
1611,0.0,0.8888888888888888
1612,0.0,0.8909090909090909
1613,0.3224489795918367,0.8204081632653061
1615,0.0,0.8089668615984406
1616,0.0,0.8994845360824743
1617,0.0,0.9285714285714286
1618,0.0,0.8387096774193549
1619,0.0,0.918918918918919
1621,0.0,0.8917910447761194
1623,0.0,0.8471986417657046
1624,0.0,0.7908496732026143
1625,0.0,0.8695652173913043
1627,1.0,0.8365304420350292
1628,0.561525129982669,0.9046793760831889
1629,0.5114942528735632,0.8505747126436781
1630,0.2737341772151899,0.8037974683544303
1631,0.0,0.8012232415902141
1634,0.5049928673323824,0.8573466476462197
1635,1.0,0.8235294117647058
1636,0.34594594594594597,0.8540540540540541
1637,0.0,0.7692307692307693
1638,0.0,0.916923076923077
1639,0.0,0.873015873015873
1643,0.0,0.8427184466019417
1646,0.0,0.8571428571428571
1648,0.0,0.7849462365591398
1649,0.0,0.9186991869918699
1651,0.0,0.875
1652,0.5242070116861436,0.8447412353923205
1655,0.0,0.7692307692307693
1656,1.0,0.7915106117353309
1657,0.0,0.8367346938775511
1659,0.0,0.824773413897281
1661,0.0,0.8213627992633518
1662,0.0,0.8717948717948718
1664,0.0,0.8713826366559485
1665,1.0,0.8459302325581395
1666,0.0,0.9253731343283582
1667,0.0,0.8303571428571429
1668,1.0,0.8611898016997167
1669,0.0,0.8079545454545455
1670,0.4831081081081081,0.847972972972973
1671,1.0,0.8349514563106796
1674,0.5372168284789643,0.8511326860841424
1676,0.44634146341463415,0.8731707317073171
1677,0.5238095238095238,0.8518518518518519
1679,0.0,0.860655737704918
1680,1.0,0.9382151029748284
1683,0.0,0.8671328671328671
1685,0.0,0.8571428571428571
1686,0.31958762886597936,0.872539831302718
1688,0.0,0.8888888888888888
1689,0.0,0.8234217749313815
1690,0.610989010989011,0.8857142857142857
1692,1.0,0.92
1693,0.573820395738204,0.8721461187214612
1694,0.757396449704142,0.8431952662721893
1695,1.0,0.851270553064275
1696,0.0,0.7904761904761904
1699,0.0,0.8426395939086294
1702,0.6934306569343066,0.8832116788321168
1705,0.3692922374429224,0.7973744292237442
1707,1.0,0.9252336448598131
1709,0.4448051948051948,0.8327922077922078
1710,0.4695121951219512,0.8810975609756098
1711,0.0,0.7835051546391752
1712,0.0,0.8088235294117647
1716,1.0,0.910941475826972
1720,0.7235294117647059,0.9058823529411765
1721,1.0,0.875
1722,1.0,0.889344262295082
1724,1.0,0.7900641025641025
1725,0.0,0.7859531772575251
1726,0.0,0.8429003021148036
1730,1.0,0.7638888888888888
1733,0.0,0.8021978021978022
1734,0.0,0.8761329305135952
1735,0.0,0.9
1737,0.0,0.8878504672897196
1738,0.0,0.9069767441860465
1739,0.0,0.8240740740740741
1741,0.0,0.9090909090909091
1745,0.6038251366120219,0.889344262295082
1746,0.0,0.7595307917888563
1750,0.0,0.8352272727272727
1752,0.0,0.8571428571428571
1753,0.09949622166246852,0.8192695214105793
1757,0.0,0.8495575221238938
1758,0.0,0.8805031446540881
1760,1.0,0.8024691358024691
1761,1.0,0.7987421383647799
1762,0.08126259234385494,0.8522498321020819
1763,0.0,0.7451923076923077
1764,0.0,0.847045191193511
1766,0.0,0.8782051282051282
1767,0.0,0.9328358208955224
1768,1.0,0.8368794326241135
1770,0.0,0.7964601769911505
1771,0.9762972453555413,0.7956438180653427
1773,1.0,0.9675675675675676
1774,0.0,0.8013468013468014
1776,0.16,0.85
1777,0.0,0.8141592920353983
1778,0.0,0.8072289156626506
1783,0.8144475920679887,0.8951841359773371
1784,0.3764172335600907,0.8367346938775511
1786,1.0,0.8782608695652174
1787,0.0,0.9041095890410958
1788,1.0,0.8159922928709056
1789,1.0,0.8045977011494253
1790,0.0,0.8526315789473684
1792,0.0,0.7931654676258992
1793,0.0,0.8764705882352941
1798,0.41959798994974873,0.907035175879397
1799,0.0,0.7058823529411765
1801,0.0,0.7619047619047619
1802,0.0,0.9132307692307692
1804,0.48936170212765956,0.8829787234042553
1805,1.0,0.8473282442748091
1807,1.0,0.7936507936507936
1808,0.0,0.7346938775510204
1809,0.0,0.8666666666666667
1810,0.0,0.84
1812,0.0,0.7634961439588689
1815,1.0,0.8567073170731707
1816,1.0,0.8445945945945946
1817,0.1448170731707317,0.8099593495934959
1818,0.0,0.8464052287581699
1819,1.0,0.8
1820,1.0,0.9098360655737705
1822,1.0,0.8269230769230769
1823,0.0,0.9016393442622951
1824,0.0,0.8333333333333334
1825,0.0,0.8674698795180723
1827,0.0,0.8289183222958058
1828,1.0,0.875
1832,1.0,0.8414634146341463
1833,0.0,0.8066666666666666
1837,0.0,0.9108910891089109
1839,0.0,0.8581081081081081
1840,0.0,0.9192708333333334
1841,0.15256588072122051,0.8626907073509015
1842,1.0,0.8080808080808081
1844,0.0,0.9337016574585635
1847,0.0,0.8642384105960265
1848,0.0,0.864406779661017
1849,1.0,0.8658536585365854
1851,1.0,0.882640586797066
1852,0.0,0.7769784172661871
1853,0.0,0.9385171790235082
1854,0.0,0.828
1855,0.0,0.8359133126934984
1856,0.0,0.9568965517241379
1857,0.31906614785992216,0.8190661478599222
1858,0.0,0.8395061728395061
1861,0.7952987267384917,0.8090107737512243
1863,0.0,0.8520408163265306
1864,0.0,0.8226950354609929
1865,0.0,0.7428571428571429
1866,0.0,0.9342105263157895
1869,0.0,0.9333333333333333
1872,1.0,0.7941176470588235
1875,0.0,0.8527918781725888
1876,0.0,0.9181547619047619
1877,0.0,0.8512396694214877
1879,1.0,0.8347683476834769
1880,0.0,0.8289473684210527
1881,1.0,0.8157894736842105
1884,0.0,0.821917808219178
1886,0.0,0.8712871287128713
1887,0.0,0.8897280966767371
1888,0.0,0.8419354838709677
1890,0.0,0.916923076923077
1895,1.0,0.8878504672897196
1896,0.0,0.9054726368159204
1898,0.0,0.8344370860927153
1899,0.0,0.9230769230769231
1901,1.0,0.8294117647058824
1902,1.0,0.8591065292096219
1903,0.0,0.8459302325581395
1906,0.0,0.7916666666666666
1907,1.0,0.8536585365853658
1910,0.0,0.8931623931623932
1915,1.0,0.9545454545454546
1916,1.0,1.0
1918,0.0,0.8531598513011153
1919,0.0,0.8426229508196721
1920,0.0,0.8743068391866913
1921,0.0,0.8438818565400844
1923,0.0,0.9387755102040817
1925,1.0,0.7917620137299771
1927,0.0,0.8838383838383839
1928,0.0,0.7956204379562044
1930,0.0,0.8112582781456954
1931,0.05931034482758621,0.9117241379310345
1933,0.7101865136298422,0.8436154949784792
1942,0.0,0.8834355828220859
1944,0.0,0.8175438596491228
1946,0.0,0.7972103004291845
1947,0.0,0.8547945205479452
1948,1.0,0.8913043478260869
1949,0.0,0.915929203539823
1951,0.3117283950617284,0.8364197530864198
1952,0.0,0.8355555555555556
1953,0.0,0.8333333333333334
1954,1.0,0.8054054054054054
1955,0.0,0.8756218905472637
1959,0.0,0.8028169014084507
1960,0.0,0.8811881188118812
1966,0.0,0.8836805555555556
1967,0.6927175843694494,0.8330373001776199
1968,0.0,0.8681318681318682
1970,0.0,0.8539576365663322
1972,0.0,0.8442367601246106
1973,0.0,0.8547945205479452
1974,0.0,0.8930180180180181
1975,0.7448275862068966,0.8172413793103448
1977,1.0,0.9103139013452914
1979,0.0,0.8329048843187661
1980,1.0,0.8135593220338984
1981,0.0,0.92
1982,0.0,0.8694581280788177
1984,0.0,0.8745874587458746
1985,0.660377358490566,0.8377358490566038
1986,0.0,0.8829787234042553
1988,0.0,0.8686131386861314
1992,0.7819420783645656,0.82793867120954
1993,0.4135667396061269,0.8905908096280087
1995,1.0,0.9411764705882353
1997,0.4294049008168028,0.8576429404900817
1998,0.0,0.78125
1999,0.0,0.8294460641399417
2000,1.0,0.8867924528301887
2001,0.0,0.8106312292358804
2002,1.0,0.835820895522388
2004,0.5756457564575646,0.8892988929889298
2005,0.0,0.8582089552238806
2006,0.0,0.9415855354659249
2007,0.0,0.8883720930232558
2010,0.0,0.844106463878327
2011,0.0,0.8410462776659959
2017,0.3078125,0.8515625
2019,1.0,0.7909090909090909
2020,0.0,0.915
2021,0.0,0.928
2023,0.0,0.8226600985221675
2024,1.0,0.8412162162162162
2028,0.0,0.98
2030,0.0,0.8333333333333334
2034,0.0,0.8574468085106383
2036,0.0,0.9009009009009009
2040,1.0,0.7978436657681941
2042,0.0,0.8619246861924686
2043,1.0,0.8846918489065606
2048,0.0,0.8421052631578947
2049,0.0,0.8763250883392226
2051,0.0,0.8809523809523809
2052,1.0,0.8250950570342205
2053,0.0,0.8461538461538461
2058,1.0,0.8505154639175257
2059,0.0,0.8014981273408239
2060,1.0,0.8412698412698413
2062,1.0,0.9482758620689655
2063,0.0,0.7592592592592593
2064,0.0,0.8526011560693642
2065,0.0,0.8846918489065606
2067,0.0,0.8802083333333334
2069,0.5766666666666667,0.8233333333333334
2070,0.0,0.92
2072,0.0,0.8721227621483376
2078,0.5836909871244635,0.8884120171673819
2079,0.7233560090702947,0.8072562358276644
2080,0.0,0.85
2081,0.0,0.8395833333333333
2082,1.0,0.8796296296296297
2083,0.0,0.9161676646706587
2084,1.0,0.8695652173913043
2086,0.0,0.8358974358974359
2089,0.0,0.830379746835443
2090,0.41155234657039713,0.8483754512635379
2093,1.0,0.8305084745762712
2094,1.0,0.8880597014925373
2104,0.5090311986863711,0.8850574712643678
2105,0.0,0.8014018691588785
2106,1.0,0.7902298850574713
2107,0.0,0.9192546583850931
2112,0.0,0.8588957055214724
2113,0.0,0.8962962962962963
2115,0.0,0.8324873096446701
2120,0.0,0.9166666666666666
2121,0.0,0.8277945619335347
2123,0.0,0.8968903436988543
2126,0.0,0.8637532133676092
2127,1.0,0.9150326797385621
2128,0.0,0.8760683760683761
2129,0.0,0.8733031674208145
2133,0.0,0.8975770925110133
2134,0.0,0.881578947368421
2136,0.0,0.9333333333333333
2140,0.0,0.9267241379310345
2141,0.0,0.8848167539267016
2142,0.0,0.8550106609808102
2143,0.0,0.8734939759036144
2145,0.0,0.8928571428571429
2146,0.0,0.8706896551724138
2147,0.0,0.7201946472019465
2151,0.0,0.9138755980861244
2156,0.5975609756097561,0.8797909407665505
2157,1.0,0.839622641509434
2161,0.0,0.9206349206349206
2162,0.0,0.8489892984542212
2163,0.0,0.7669172932330827
2169,0.0,0.8211382113821138
2173,0.0,0.875968992248062
2175,1.0,0.8684563758389262
2181,0.0,0.8796296296296297
2182,0.0,0.8830188679245283
2183,0.0,0.8319327731092437
2184,0.0,0.8743093922651933
2186,0.0,0.845360824742268
2189,0.0,0.88
2190,1.0,0.94
2193,1.0,0.9217252396166135
2194,0.0,0.7975708502024291
2195,0.0,0.8272138228941684
2199,0.0,0.8567073170731707
2200,0.0,0.8160919540229885
2202,0.0,0.8621794871794872
2205,0.0,0.8277153558052435
2207,0.0,0.8275862068965517
2219,0.0,0.7938144329896907
2221,0.0,0.8705501618122977
2222,0.789598108747045,0.9267139479905437
2228,1.0,0.9078260869565218
2229,0.0,0.85423197492163
2231,0.0,0.8313659359190556
2233,0.0,0.8536585365853658
2234,0.0,0.8668076109936576
2235,0.40380549682875266,0.813953488372093
2236,0.0,0.8732394366197183
2237,1.0,0.8754448398576512
2238,1.0,0.9190283400809717
2240,0.34273318872017355,0.913232104121475
2241,0.0,0.8762886597938144
2246,0.0,0.9054726368159204
2247,1.0,0.9594594594594594
2248,0.0982201713909031,0.8892551087673038
2249,0.0,0.9
2251,1.0,0.8309859154929577
2252,0.0,0.919889502762431
2254,0.0,0.8082595870206489
2255,0.0,0.8223684210526315
2256,1.0,0.9227166276346604
2260,0.35091743119266056,0.7522935779816514
2262,0.40202702702702703,0.831081081081081
2264,0.0,0.7935779816513762
2265,1.0,0.8135048231511254
2267,0.0,0.8571428571428571
2269,0.0,0.8295454545454546
2271,0.4150197628458498,0.8537549407114624
2272,0.0,0.8085106382978723
2273,0.0,0.7607361963190185
2281,0.0,0.8272727272727273
2282,1.0,0.7876712328767124
2287,1.0,0.7903225806451613
2288,1.0,0.9472450175849941
2290,0.0,0.8593350383631714
2292,0.0,0.852112676056338
2293,0.0,0.8508064516129032
2294,0.0,0.8141592920353983
2296,0.0,0.841541755888651
2300,1.0,0.8066666666666666
2304,0.3590504451038576,0.9020771513353115
2307,0.0,0.916058394160584
2308,0.0,0.8770491803278688
2309,0.0,0.8935406698564593
2312,0.0,0.810374149659864
2313,0.0,0.8232558139534883
2315,0.0,0.8545454545454545
2316,1.0,0.8441558441558441
2317,0.0,0.8685714285714285
2320,0.2975609756097561,0.8536585365853658
2321,0.0,0.8347683476834769
2322,0.24378109452736318,0.8883360972913211
2323,0.3754280821917808,0.896404109589041
2325,1.0,0.9354838709677419
2333,0.06990014265335236,0.8858773181169758
2338,0.0,0.9139344262295082
2343,1.0,0.8552631578947368
2344,1.0,0.8062015503875969
2346,0.0,0.8888888888888888
2356,0.0,0.8763250883392226
2358,0.0,0.9006772009029346
2359,0.0,0.927710843373494
2367,1.0,0.8818181818181818
2369,0.0,0.8347683476834769
2370,1.0,0.871578947368421
2377,0.0,0.8459302325581395
2381,0.31471389645776565,0.8869209809264306
2382,0.0,0.8760683760683761
2384,0.6686746987951807,0.7771084337349398
2385,0.0,0.87
2387,0.0,0.7837301587301587
2393,0.0,0.7838765008576329
2394,0.0,0.8744113029827315
2395,0.0,0.8674698795180723
2399,0.0,0.8701923076923077
2404,0.0,0.7178423236514523
2405,0.0,0.7590486039296794
2406,1.0,0.8571428571428571
2407,1.0,0.9385113268608414
2409,0.0,0.8223844282238443
2413,0.0,0.8202247191011236
2414,0.0,0.8590308370044053
2415,0.0,0.8773946360153256
2423,0.0,0.8064516129032258
2425,0.0,0.9
2426,0.0,0.7637795275590551
2427,0.0,0.8846153846153846
2433,0.0,0.8934010152284264
2434,0.0,0.8951048951048951
2435,0.0,0.722972972972973
2438,0.0,0.8467741935483871
2442,0.0,0.9235294117647059
2445,0.0,0.8888888888888888
2450,0.0,0.8744113029827315
2459,0.0,0.7971698113207547
2460,0.0,0.9155844155844156
2476,0.0,0.7961165048543689
2477,1.0,0.8832116788321168
2480,0.0,0.8728682170542635
2483,0.0,0.8134005763688761
2485,0.7119565217391305,0.9184782608695652
2487,0.0,0.8440366972477065
2492,1.0,0.8350951374207188
2495,1.0,0.8317307692307693
2497,0.0,0.8275862068965517
2501,0.7402298850574712,0.8896551724137931
2504,1.0,0.9143835616438356
2505,1.0,0.7916666666666666
2506,0.0,0.9565217391304348
2507,1.0,0.85423197492163
2509,0.0,0.7446236559139785
2512,0.0,0.8260869565217391
2515,0.0,0.7863247863247863
2527,0.0,0.8828725038402457
2539,0.4939759036144578,0.8743545611015491
2542,0.0,0.8509532062391681
2551,0.10467179183914843,0.8497930218805441
2552,0.0,0.8252148997134671
2553,0.0,0.8524590163934426
2554,0.0,0.8999456226209896
2568,0.0,0.9090909090909091
2569,1.0,0.8571428571428571
2579,0.0,0.8493449781659389
2580,0.0,0.8943894389438944
2585,1.0,0.919889502762431
2586,0.0,0.9527439024390244
2593,1.0,0.9166666666666666
2596,1.0,0.8068181818181818
2598,0.09439834024896265,0.8184647302904564
2599,0.0,0.8740740740740741
2604,0.0,0.8743093922651933
2608,1.0,0.85423197492163
2614,0.0,0.8773006134969326
2616,0.0,0.8181818181818182
2623,0.0,0.7837301587301587
2625,1.0,0.8101010101010101
2628,1.0,0.8504672897196262
2629,0.0,0.8812785388127854
2633,1.0,0.9263959390862944
2635,0.0,0.8695652173913043
2640,1.0,0.8631578947368421
2643,0.0,0.8970588235294118
2649,0.0,0.9136690647482014
2651,1.0,0.8712121212121212
2658,1.0,0.8429003021148036
2660,0.0,0.813953488372093
2663,0.0,0.8145896656534954
2664,0.0,0.8986013986013986
2665,1.0,0.93027153871941
2668,0.0,0.8792270531400966
2670,1.0,0.8603773584905661
2674,1.0,0.786366830639494
2677,1.0,0.8871794871794871
2678,1.0,0.8787878787878788
2681,0.0,0.8181818181818182
2685,0.615686274509804,0.884313725490196
2690,0.0,0.927710843373494
2704,0.0,0.6792452830188679
2710,0.0,0.879746835443038
2721,1.0,0.9147982062780269
2727,1.0,0.8767123287671232
2728,0.0,0.8571428571428571
2732,0.0,0.8910818713450293
2741,0.0,0.7777777777777778
2742,1.0,0.972972972972973
2745,0.0,0.8803763440860215
2749,0.0,0.7689655172413793
2750,1.0,0.84375
2751,0.0,0.8472222222222222
2757,1.0,0.9242424242424242
2766,0.0,0.8287841191066998
2775,1.0,0.7971698113207547
2777,0.0,0.7827338129496403
2781,1.0,0.8357558139534884
2786,0.0,0.85423197492163
2788,1.0,0.7902298850574713
2789,0.0,0.8822055137844611
2802,0.0,0.8964285714285715
2803,1.0,0.8254879448909299
2808,0.0,0.7595419847328244
2811,0.0,0.7663934426229508
2818,1.0,0.9023255813953488
2821,0.599250936329588,0.8314606741573034
2827,0.0,0.9101123595505618
2830,0.0,0.8495575221238938
2831,1.0,0.8302658486707567
2839,0.17197452229299362,0.910828025477707
2843,1.0,0.8904761904761904
2855,0.0,0.8705202312138728
2857,1.0,0.8709677419354839
2858,0.0,0.8589743589743589
2860,0.0,0.8628571428571429
2862,0.0,0.8773006134969326
2864,1.0,0.8823529411764706
2866,0.0,0.901840490797546
2886,1.0,0.7767441860465116
2896,0.0,0.812375249500998
2900,0.0,0.9607843137254902
2906,0.0,0.8843283582089553
2914,1.0,0.8200692041522492
2919,1.0,0.7663551401869159
2921,1.0,0.9105058365758755
2923,0.0,0.9330543933054394
2925,1.0,0.7931034482758621
2927,1.0,0.8084112149532711
2931,0.0,0.8283752860411899
2939,0.0,0.8531914893617021
2944,1.0,0.8687782805429864
2945,0.0,0.858085808580858
2946,0.509915014164306,0.8158640226628895
2960,0.0,0.926605504587156
2961,0.0,0.8672566371681416
2962,0.0,0.865979381443299
2963,1.0,0.8847184986595175
2971,0.0,0.8731884057971014
2982,0.0,0.8894736842105263
2983,1.0,0.855072463768116
2990,0.0,0.7702702702702703
2995,0.0,0.9622641509433962
3006,1.0,0.8717504332755632
3009,0.0,0.803921568627451
3014,0.681592039800995,0.900497512437811
3022,1.0,0.8796296296296297
3030,0.0,0.835195530726257
3041,0.0,0.7627118644067796
3047,0.0,0.8324324324324325
3055,0.0,0.8312236286919831
3057,0.0,0.8403041825095057
3060,0.3550185873605948,0.8903345724907064
3061,0.0,0.8590909090909091
3067,0.0,0.8433734939759037
3076,1.0,0.8583162217659137
3077,0.0,0.839622641509434
3089,0.0,0.8653846153846154
3091,0.0,0.865979381443299
3092,0.0,0.8089668615984406
3093,1.0,0.8526011560693642
3095,0.0,0.8965936739659367
3099,1.0,0.8108108108108109
3100,0.0,0.8637532133676092
3105,1.0,0.8709677419354839
3108,0.0,0.9174757281553398
3114,0.0,0.9028871391076115
3116,0.0,0.8994252873563219
3124,1.0,0.8666666666666667
3126,0.0,0.8756983240223464
3129,0.0,0.8773006134969326
3138,0.0,0.8461538461538461
3140,1.0,0.898876404494382
3142,0.3068181818181818,0.8590909090909091
3159,0.0,0.9318181818181818
3160,0.0,0.896774193548387
3163,0.0,0.7978436657681941
3172,0.570230607966457,0.8679245283018868
3197,0.0,0.926605504587156
3201,0.0,0.882703777335984
3202,0.0,0.7731629392971247
3203,0.0,0.9008746355685131
3204,0.0,0.8391459074733096
3208,0.0,0.8976744186046511
3218,0.0,0.8790697674418605
3220,0.0,0.9370860927152318
3228,1.0,0.8926701570680629
3229,0.46923076923076923,0.8897435897435897
3232,0.0,0.7901861252115059
3234,0.0,0.9064558629776021
3246,0.0,0.877466251298027
3251,0.0,0.8523489932885906
3254,1.0,0.786366830639494
3263,0.0,0.9138276553106213
3269,0.0,0.7909090909090909
3270,0.0,0.8823529411764706
3275,1.0,0.8674698795180723
3281,1.0,0.9552238805970149
3295,0.0,0.9370860927152318
3296,0.0,0.8076923076923077
3297,1.0,0.7924528301886793
3311,0.0,0.6890034364261168
3314,0.0,0.7995735607675906
3317,0.0,0.797153024911032
3319,1.0,0.8740740740740741
3321,1.0,0.8846918489065606
3329,0.0,0.7578616352201258
3332,0.0,0.8864864864864865
3337,0.0,0.8732394366197183
3340,0.0,0.783625730994152
3346,0.0,0.806930693069307
3353,0.0,0.8308823529411765
3356,1.0,0.7291666666666666
3357,0.0,0.8964285714285715
3359,0.8295577130528586,0.7745415318230853
3363,0.0,0.8529411764705882
3366,0.0,0.851145038167939
3367,0.0,0.8163265306122449
3386,0.0,0.8423772609819121
3388,0.0,0.9013157894736842
3397,1.0,0.930835734870317
3398,1.0,0.8181818181818182
3404,0.0,0.8797953964194374
3409,1.0,0.8888888888888888
3427,0.0,0.9055258467023173
3428,0.0,0.7456521739130435
3443,0.0,0.8344827586206897
3444,0.0,0.8361581920903954
3445,0.0,0.7620889748549323
3452,0.0,0.8657894736842106
3458,0.0,0.8465608465608465
3459,0.0,0.8848484848484849
3466,0.0,0.8190255220417634
3468,1.0,0.8872180451127819
3469,0.0,0.824
3473,0.0,0.8495575221238938
3480,0.0,0.7664233576642335
3484,0.0,0.8861788617886179
3488,0.0,0.8617021276595744
3490,0.4941860465116279,0.9011627906976745
3492,1.0,0.8384279475982532
3493,0.0,0.8502673796791443
3499,0.0,0.8450704225352113
3509,0.0,0.8401826484018264
3518,0.545,0.8225
3522,0.6325632563256326,0.9185918591859186
3537,0.0,0.927710843373494
3545,1.0,0.838150289017341
3546,0.0,0.8260869565217391
3548,0.0,0.7669172932330827
3549,0.0,0.9026128266033254
3552,1.0,0.7863777089783281
3554,0.0,0.8739495798319328
3568,1.0,0.8666666666666667
3580,0.0,0.9347826086956522
3591,1.0,0.9053030303030303
3597,0.0,0.8506787330316742
3608,0.0,0.6819787985865724
3611,0.0,0.7620889748549323
3625,1.0,0.8642857142857143
3634,1.0,0.8391608391608392
3636,1.0,0.9166666666666666
3641,0.0,0.8622448979591837
3661,0.0,0.8928571428571429
3666,0.0,0.8790170132325141
3669,0.0,0.7230769230769231
3670,0.0,0.847870182555781
3687,0.0,0.8883720930232558
3688,0.0,0.8659217877094972
3690,1.0,0.9465648854961832
3691,0.0,0.9077669902912622
3694,1.0,0.8594377510040161
3705,0.0,0.8648648648648649
3722,0.0,0.8900343642611683
3723,0.20593692022263452,0.8070500927643784
3725,0.0,0.8803763440860215
3726,1.0,0.8913043478260869
3729,0.0,0.8513513513513513
3787,1.0,0.7436619718309859
3809,0.0,0.8644859813084113
3811,0.0,0.890625
3816,1.0,0.9130434782608695
3826,0.0,0.7731629392971247
3837,0.0,0.8112582781456954
3848,0.0,0.9322916666666666
3869,0.0,0.7716763005780347
3884,0.0,0.9348534201954397
3887,1.0,0.8423772609819121
3892,1.0,0.8534031413612565
3893,1.0,0.7006369426751592
3913,0.0,0.916058394160584
3918,1.0,0.8323353293413174
3939,0.0,0.89
3951,0.0,0.7322834645669292
3953,0.0,0.8469656992084432
3960,0.0,0.9470899470899471
3963,1.0,0.9472450175849941
3974,0.0,0.876993166287016
3975,0.0,0.8755186721991701
3978,0.0,0.8476190476190476
3987,1.0,0.8653846153846154
3989,0.0,0.7863777089783281
3990,0.0,0.8143459915611815
4005,0.0,0.8347683476834769
4011,0.0,0.8719898605830165
4024,1.0,0.7975206611570248
4029,0.0,0.8195266272189349
4034,0.0,0.8547008547008547
4038,0.0,0.8287037037037037
4044,0.0,0.864406779661017
4046,0.0,0.851270553064275
4047,1.0,0.8518518518518519
4073,0.0,0.8863636363636364
4075,0.0,0.9411764705882353
4086,0.0,0.8417508417508418
4087,0.0,0.9527439024390244
4095,0.0,0.945054945054945
4106,0.0,0.9148073022312373
4108,1.0,0.9243697478991597
4120,0.0,0.882183908045977
4123,1.0,0.8828725038402457
4137,0.0,0.8695652173913043
4167,0.0,0.8283582089552238
4172,0.0,0.8225352112676056
4173,1.0,0.8658008658008658
4175,0.0,0.862533692722372
4200,1.0,0.8465608465608465
4201,1.0,0.7932489451476793
4205,0.0,0.8656716417910447
4207,0.0,0.9133858267716536
4208,1.0,0.8933333333333333
4222,0.0,0.7631578947368421
4228,0.0,0.9016393442622951
4230,1.0,0.8795986622073578
4245,0.0,0.8512820512820513
4249,1.0,0.7702702702702703
4250,0.0,0.9008746355685131
4256,0.0,0.9680851063829787
4262,0.0,0.8128342245989305
4268,0.0,0.8681318681318682
4271,0.0,0.9028077753779697
4273,0.0,0.8282208588957055
4287,0.0,0.855985598559856
4293,0.0,0.9127358490566038
4296,0.0,0.8829787234042553
4297,0.0,0.8335483870967741
4306,0.0,0.85423197492163
4327,0.0,0.9184782608695652
4336,0.0,0.889344262295082
4344,0.0,0.8471615720524017
4349,0.0,0.825
4357,1.0,0.828125
4364,0.0,0.8076923076923077
4414,0.0,0.8627450980392157
4422,0.0,0.8237082066869301
4429,0.0,0.8896551724137931
4442,1.0,0.8976744186046511
4450,1.0,0.71900826446281
4495,0.0,0.8823529411764706
4505,0.0,0.8862876254180602
4542,1.0,0.8220720720720721
4552,0.0,0.7524271844660194
4578,0.0,0.8438661710037175
4580,0.0,0.8685714285714285
4632,0.0,0.7304347826086957
4651,0.0,0.8263473053892215
4659,0.0,0.9337016574585635
4661,0.0,0.8551136363636364
4663,0.0,0.9005847953216374
4687,0.0,0.8096153846153846
4695,1.0,0.9303547963206308
4712,0.4309677419354839,0.8387096774193549
4716,0.0,0.8014981273408239
4721,0.0,0.848314606741573
4751,0.0,0.8816120906801007
4758,0.0,0.9235294117647059
4759,1.0,0.8765432098765432
4766,0.0,0.8694779116465864
4772,0.0,0.8433476394849786
4793,0.0,0.8552631578947368
4796,0.0,0.9105058365758755
4802,0.0,0.8986175115207373
4809,0.0,0.8429003021148036
4814,0.0,0.7818181818181819
4816,0.0,0.8509316770186336
4822,0.0,0.905921052631579
4858,0.0,0.8243243243243243
4883,0.0,0.8853503184713376
4892,1.0,0.7956204379562044
4912,1.0,0.8743068391866913
4913,0.0,0.9042145593869731
4914,0.0,0.8904761904761904
4916,0.0,0.8252501924557352
4929,0.0,0.8729729729729729
4953,1.0,0.8691099476439791
4955,0.0,0.8976744186046511
4978,0.0,0.8584070796460177
4979,0.0,0.9435483870967742
5002,0.0,0.9065040650406504
5034,0.0,0.8664495114006515
5056,0.0,0.7892976588628763
5089,0.0,0.881578947368421
5093,0.0,0.9300699300699301
5126,0.0,0.8939929328621908
5127,0.0,0.7798165137614679
5169,0.0,0.9084967320261438
5178,0.0,0.8014981273408239
5244,0.0,0.8235294117647058
5252,1.0,0.824
5258,0.0,0.7723577235772358
5267,0.0,0.9391304347826087
5281,1.0,0.8714285714285714
5310,0.0,0.8714285714285714
5323,0.0,0.93027153871941
5338,0.0,0.7802690582959642
5342,0.0,0.802439024390244
5347,0.0,0.900709219858156
5359,1.0,0.8022598870056498
5362,0.0,0.915625
5366,0.0,0.8853503184713376
5390,1.0,0.7565543071161048
5398,0.4794520547945205,0.8547945205479452
5501,0.0,0.8729729729729729
5505,0.0,0.9305555555555556
5511,0.0,0.9114583333333334
5520,0.0,0.851063829787234
5522,1.0,0.881578947368421
5533,1.0,0.8803763440860215
5588,1.0,0.7753623188405797
5612,0.0,0.9568965517241379
5673,0.0,0.84375
5728,0.0,0.8917910447761194
5750,0.0,0.908485856905158
5755,1.0,0.8658536585365854
5757,0.0,0.9133858267716536
5758,0.1891891891891892,0.8108108108108109
5765,0.0,0.8727272727272727
5766,0.0,0.8055555555555556
5780,0.0,0.8744186046511628
5794,0.0,0.8414096916299559
5863,1.0,0.825
5865,0.0,0.8192771084337349
5881,1.0,0.8676470588235294
5897,0.0,0.7920792079207921
5903,1.0,0.810126582278481
5914,1.0,0.8574766355140186
5922,0.0,0.867231638418079
5966,0.0,0.8357142857142857
5988,0.0,0.8980509745127436
6007,0.0,0.8414634146341463
6037,1.0,0.8605769230769231
6095,0.0,0.7980769230769231
6121,0.0,0.9273743016759777
6126,0.0,0.8461538461538461
6159,0.0,0.8582089552238806
6198,0.0,0.9063670411985019
6205,0.0,0.8724489795918368
6237,0.0,0.8140900195694716
6245,1.0,0.8864628820960698
6250,0.0,0.8701923076923077
6257,0.0,0.8484848484848485
6270,0.0,0.848
6297,0.0,0.9527439024390244
6329,1.0,0.8602150537634409
6342,0.0,0.803030303030303
6349,0.0,0.9020408163265307
6354,1.0,0.9040404040404041
6355,0.0,0.9100346020761245
6427,0.0,0.8848337388483374
6433,0.0,0.9259259259259259
6457,0.0,0.8584070796460177
6467,1.0,0.93027153871941
6468,1.0,0.8613861386138614
6470,0.0,0.7830802603036876
6475,0.0,0.8838383838383839
6500,0.0,0.8260869565217391
6501,0.0,0.7826747720364742
6525,0.0,0.748
6540,0.0,0.8453038674033149
6541,0.0,0.8357487922705314
6556,0.0,0.941358024691358
6637,0.0,0.7843137254901961
6650,0.0,0.7894736842105263
6709,0.0,0.8521739130434782
6712,0.0,0.8469055374592834
6720,0.0,0.7919375812743823
6728,1.0,0.8495575221238938
6737,1.0,0.7887323943661971
6821,0.0,0.9070796460176991
6854,1.0,0.8509316770186336
6869,0.0,0.8407407407407408
6884,1.0,0.8743718592964824
6885,0.0,0.916058394160584
6914,0.0,0.882640586797066
6925,0.0,0.8625204582651391
6984,0.0,0.8910818713450293
7006,0.0,0.8391608391608392
7070,1.0,0.8252032520325203
7155,1.0,0.8744113029827315
7181,0.0,0.8459302325581395
7232,0.0,0.9326424870466321
7233,0.0,0.937125748502994
7248,0.0,0.906832298136646
7262,0.0,0.7644230769230769
7272,0.0,0.8516801853997682
7302,0.0,0.8666666666666667
7303,0.0,0.8620689655172413
7315,0.0,0.8754098360655738
7350,0.0,0.8829787234042553
7381,0.0,0.8846918489065606
7420,1.0,0.93027153871941
7566,0.0,0.792
7575,0.0,0.8744113029827315
7594,0.0,0.8285714285714286
7649,0.0,0.7964601769911505
7678,0.0,0.8951612903225806
7688,0.0,0.7915106117353309
7716,0.0,0.8446969696969697
7811,0.0,0.852112676056338
7826,1.0,0.865546218487395
7886,0.0,0.9127358490566038
7930,0.0,0.8223844282238443
7945,0.0,0.8289473684210527
7954,0.0,0.9254658385093167
8080,0.0,0.8967229394240318
8100,1.0,0.8838709677419355
8170,1.0,0.8875
8208,0.0,0.8883720930232558
8362,0.0,0.8571428571428571
8399,0.0,0.828125
8472,0.0,0.935064935064935
8484,0.0,0.8370044052863436
8550,1.0,0.8461538461538461
8595,1.0,0.8803763440860215
8607,0.0,0.8962025316455696
8668,1.0,0.9385171790235082
8695,0.0,0.9154929577464789
8753,1.0,0.7620320855614974
8776,0.0,0.8854166666666666
8825,0.0,0.8735135135135135
9041,1.0,0.8926701570680629
9392,0.0,0.8450704225352113
9446,0.0,0.9006772009029346
9503,0.0,0.835195530726257
9579,1.0,0.9137931034482759
9771,0.0,0.8429003021148036
10085,0.0,0.8509316770186336
10205,1.0,0.8857142857142857
10876,0.0,0.8600917431192661
10902,0.0,0.8551136363636364
11205,0.0,0.8345070422535211
11223,0.0,0.8506787330316742
11655,1.0,0.7695652173913043
11724,0.0,0.7201946472019465
12764,0.0,0.9029126213592233
14008,1.0,0.8965936739659367
14489,0.0,0.8964285714285715
15542,0.0,0.946031746031746
15895,1.0,0.8715083798882681
16737,1.0,0.9
