state,Positive,Negative
,0.3201784656677726,0.8440204024991012
ACLU,0.5,0.7894736842105263
AL.com,0.2066115702479339,0.8512396694214877
Abdul El-Sayed,0.0,0.75
"Adrienne Kimmell, Barbara Lee Foundation",0.0,1.0
Alabama,0.30745209585416955,0.841339022189598
Alaska,0.3080815424433652,0.8447087562160118
America,0.31549009769343306,0.8522859515167976
American Civil Liberties Union,0.4,0.8532110091743119
American Samoa,0.16432748538011696,0.8554824561403509
Andrew Janz,0.7840909090909091,0.7954545454545454
Arizona,0.27276274835271735,0.8548057336079271
Arkansas,0.2858980870154055,0.861520230235314
"Avi &amp; Ian, Civilian-Led PD",0.5,1.0
"Ben Popken, NBC News",0.4,0.8524590163934426
Ben Shapiro,0.42879019908116384,0.8303981623277182
"Bob Cusack, The Hill",0.0,0.813953488372093
"Brent Johnson, NJ.com",1.0,0.8421052631578947
"Brian Fung, Washington Post",0.3333333333333333,0.8571428571428571
Business Insider,0.0,0.9230769230769231
California,0.30416946964387415,0.8486922410776192
"Chauncey Robinson, CPUSA",0.0,0.7435897435897436
"Chris Cillizza, CNN",0.6357615894039735,0.8211920529801324
"Christine Emba, Washington Post",0.0,0.9300962745918795
Clayburn Griffin,0.058355437665782495,0.8222811671087533
Colorado,0.27538647025341045,0.8537371088742344
Congressman Mike Doyle (D-PA),0.3333333333333333,0.8888888888888888
Connecticut,0.3215582239597878,0.8522329388009365
"Dan Diamond, POLITICO",0.0,0.8181818181818182
Daniel Ziblatt and Steven Levitsky,0.5,0.8333333333333334
David Benac,0.42857142857142855,0.9333333333333333
"David Daley, Author - \"Ratf**ked\"",0.0,0.75
"David Fahrenthold, The Washington Post",0.2,0.9516129032258065
"David Frum, author of \"TRUMPOCRACY\"",1.0,0.8378378378378378
Delaware,0.33872764896269963,0.8567411259086327
Derrick Crowe (D-TX),0.25,0.8064516129032258
Dion Douglas (IN),0.48863636363636365,0.8295454545454546
"Director, Center for Immigration Studies",0.0,0.8095238095238095
District Of Colombia,0.0,0.8873239436619719
District Of Columbia,0.21248781352477178,0.866251587934651
Dr. Bob Solomon,0.45454545454545453,0.6666666666666666
Dr. Kyle Horton,0.5,0.8571428571428571
"Economist Jeffrey Miron, Harvard",0.1,0.8983050847457628
"Erwin Chemerinsky, UC Berkeley School of Law",0.0,0.8245614035087719
"Evan Siegfried, author of \"GOP GPS\"",0.2222222222222222,0.8518518518518519
Exec. Director of Veterans Stand,0.3333333333333333,0.631578947368421
Florida,0.3082123314370933,0.8490297472991923
Foreign,0.3087438630459049,0.8563369916329978
"Gene Park, Washington Post",0.2630208333333333,0.89453125
"General Manager, Los Angeles DoT",0.5,1.0
Georgia,0.27651221820684907,0.8423272911527945
"Gloria La Riva, 2016 Socialist candidate for president",0.2,0.7727272727272727
Gov. Steve Bullock (MT),0.0,0.7272727272727273
Guam,0.29525719679093915,0.839877300613497
"Harri Hursti, creator of the Hursti Hack",0.0,0.875
Hawaii,0.25399729116462333,0.837100490756539
Idaho,0.26319288500177285,0.8536520505850372
Illinois,0.2801309814053873,0.8515556936293215
Indiana,0.2857585946255897,0.8600672452889202
Iowa,0.25570409531277666,0.8502232312245466
Isaac Deal,0.0,0.6517857142857143
"Jeremy Scahill, The Intercept",0.5,0.8518518518518519
"Jim Harper, Competitive Enterprise Institute",0.0,0.8571428571428571
"Joe Sims, CPUSA",0.0,0.7435897435897436
"John Carlson, Cass County Dem. Chair",0.3439306358381503,0.8070809248554913
John Logsdon,0.0,0.8333333333333334
"John Wojcik, People's World",0.0,0.9230769230769231
"Jonathan Greenblatt, ADL",0.0,0.7
"Josh Rogin, Washington Post",0.4,0.93027153871941
Kansas,0.3496996500459701,0.8522488998070347
Kentucky,0.2908956070143146,0.8478293917530856
Laura Gabbert,0.5,0.75
Laura Oatman,1.0,0.8181818181818182
Louisiana,0.2515626575259603,0.8602631313640487
Maine,0.2922068670750819,0.8556195683145748
"Margaret Stock, AK senate candidate (I)",0.0,0.9047619047619048
Maryland,0.3032523503640147,0.8478336866962553
Massachusetts,0.2999079704783731,0.8516997863259204
Massachusetts Institute of Technology,0.7011002444987775,0.8215158924205379
"Matt Arco, NJ.com",0.0,0.8421052631578947
Matt Sandusky,0.75,0.5
"Matt Wuerker, POLITICO cartoonist",0.3333333333333333,0.7692307692307693
Mayor Steven Adler (Austin TX),0.5,0.8571428571428571
"Michael Barbaro, NYT",0.14285714285714285,0.8636363636363636
"Michael, Center for Investigative Reporting",0.25,0.8461538461538461
Michigan,0.2790951189933908,0.850651606149364
Mike Hartley,0.0,0.8152173913043478
Mike Levin,0.5,0.6190476190476191
Minnesota,0.2934262271484094,0.8447076435871599
Mississippi,0.3575818527209744,0.8525999180541588
Missouri,0.29770415123757554,0.850600272851296
Moises Serrano &amp; Lorella Praeli,0.0,0.8888888888888888
Montana,0.29570869828678453,0.8451220183991627
NBC News &amp; Neo4J,1.0,0.8524590163934426
NYT Immigration Journalist,0.0,0.8181818181818182
"National Political Director, ACLU",0.6,0.7684210526315789
Nebraska,0.29651544750112035,0.8496843497517871
Nevada,0.3000201897839693,0.8456416238568469
New Hampshire,0.2876844031386009,0.8534079043946615
New Jersey,0.2795629339638156,0.8485593095450148
New Mexico,0.1840113420685555,0.8433491116141867
New York,0.29032610205383014,0.856424925349357
"Nick Troiano, Exec. Director of The Centrist Project",0.0,0.875
Nikki DuBose,0.5,0.5
North Carolina,0.3172663606749908,0.8517504807301983
North Dakota,0.2668091479205017,0.8454182396805092
Northern Marianas,0.3419154295514229,0.8613859263626132
Ohio,0.2821934899136703,0.8514145890097972
Oklahoma,0.3214990015365761,0.8509147915668722
Oregon,0.2712665406427221,0.8529117693244997
"Pamela Smith, President of Verified Voting",0.42857142857142855,0.8235294117647058
Pennsylvania,0.29712287916719615,0.8514216449130543
President of Golden Frog,0.3333333333333333,0.6923076923076923
President of Log Cabin Republicans,0.3333333333333333,0.8160919540229885
Prof. Larry Lessig,0.21428571428571427,0.6046511627906976
Prof. Michael Munger,0.3076923076923077,0.7777777777777778
Prof. Timothy Snyder,0.2857142857142857,0.7708333333333334
Puerto Rico,0.5429876197766809,0.8764353403901486
Randy Bryce,0.5,0.74
"Rebecca Klein, The Huffington Post",0.0,0.7435897435897436
Rep. Beth Fukumoto (HI),0.5,0.84375
Rep. Jared Polis (D-CO),0.0,0.3333333333333333
Rhode Island,0.2855668635684293,0.855579674044552
Richard Epstein,0.2857142857142857,0.8070175438596491
Rick Wilson,0.0,0.7671232876712328
Ro Khanna (D-CA),0.7931034482758621,0.6973180076628352
Roger Stone,0.5714285714285714,0.8898305084745762
Salty Masshole,1.0,0.7837837837837838
"Sam Ronan, DNC Chair Candidate",0.16666666666666666,0.6666666666666666
Sam Wang,0.4,0.8695652173913043
Sarah Kendzior,1.0,0.8780487804878049
Second Amendment Foundation,0.375,0.85
Sen. Bob Casey (D-PA),0.875,0.9375
Sen. Brian Schatz (D),0.2,0.76
Shahien Nasiripour,0.2,0.9090909090909091
Shareblue,0.0,0.7592592592592593
South Carolina,0.29235845153350803,0.8484809907243364
South Dakota,0.27418511742523244,0.8515662920509278
Sr. Economic Analyst,0.0,0.8333333333333334
Stefano de Stefano,0.5,0.7241379310344828
Steve Gladstone,0.18025914634146342,0.8723323170731707
"Steven Rich, Washington Post",0.0,0.7647058823529411
Tennessee,0.2649866728369278,0.8547429375050709
Tennessee,0.0,0.7272727272727273
Texas,0.31122646792745445,0.8502567614733827
Texas Tribune,0.24988336288140336,0.85117103667071
The Daily Beast,0.0,0.9230769230769231
The Dallas Morning News,0.8333333333333334,0.9583333333333334
"Tom Goldstein, SCOTUSblog",0.125,0.7857142857142857
Tom Nichols,0.42857142857142855,0.96
Tom Perriello,0.5,0.8484848484848485
Tom Prigg,0.2,0.5217391304347826
University of Michigan,0.5,0.8098159509202454
Utah,0.30472525184350163,0.8587450546767859
VICE News team,0.5,0.8125
Verified,0.4060623229461756,0.9105949008498584
Vermont,0.2536608464042616,0.8585380290026635
Virginia,0.3132255923431776,0.8546571365808376
Washington,0.28291138396725724,0.8529376474823022
West Virginia,0.3439431973033063,0.8517966004446675
Will Fisher,0.6,0.8253968253968254
"Will Lyons, Neo4J",0.0,0.8524590163934426
Wisconsin,0.31770426585113337,0.8538359275796904
Wyoming,0.3118979570233937,0.8322218693765217
"Zaid Jilani, The Intercept",0.0,0.7619047619047619
Zeke Emanuel,0.0,0.8714285714285714
abolition.org,0.0,0.6
extra butter,0.6527777777777778,0.8101851851851852
verified,0.0,0.7777777777777778
