date,Positive,Negative
20161031,0.32452554744525547,0.8751824817518248
20161101,0.31255781436150354,0.8068019413735622
20161102,0.2936874161983282,0.8375578885307011
20161103,0.3110074839734786,0.8150748608640165
20161104,0.3001735671297406,0.8292862864850431
20161105,0.3168930035414517,0.8109506148740973
20161106,0.2846936996975445,0.8385236069103399
20161107,0.3585847506200894,0.7807882616701074
20161108,0.3797232880753797,0.8164903989763882
20161109,0.33502692979294135,0.7893434209848744
20161110,0.33141413722153373,0.7935022726628862
20161111,0.344398213500567,0.8007877259158124
20161112,0.3276316749970843,0.8156822733691498
20161113,0.3470185097651004,0.8004508683673146
20161114,0.3375847299630518,0.8093421379232671
20161115,0.3424491315990277,0.8034404101451417
20161116,0.335091106597323,0.8254568350408845
20161117,0.34146905066292144,0.8319843827838498
20161118,0.34252726013753304,0.8180007256841597
20161119,0.3270525751306512,0.8597475428067114
20161120,0.3479577357172485,0.7684709760516951
20161121,0.35597793193977817,0.8203782558055084
20161122,0.3308340768544442,0.8436975048457066
20161123,0.3568111128759765,0.7175868193435664
20161124,0.3398651353490523,0.7538290556732539
20161125,0.34599770654887224,0.7997310787209279
20161126,0.3171913050309172,0.8133925866074134
20161127,0.37529198925457224,0.8032910383712664
20161128,0.3559580432253156,0.8046331946376101
20161129,0.3453139476872639,0.8318501888675076
20161130,0.3334417990302964,0.8048225673526361
20161201,0.3626252258874114,0.8251569548567935
20161202,0.33157557877128874,0.792202046577096
20161203,0.36607003817604394,0.8538787143780703
20161204,0.33597503070122525,0.8517339618964541
20161205,0.35670881179523856,0.8257836430123197
20161206,0.36970016527637883,0.7479952587382234
20161207,0.3353252775547539,0.8022260287268588
20161208,0.34815402745155727,0.8401935284675333
20161209,0.3437269164195231,0.8068717407362491
20161210,0.34984778461306093,0.8041330284486163
20161211,0.33912541904108034,0.7951762563915579
20161212,0.3468472881081401,0.7804910221108344
20161213,0.36273421978382514,0.8273927783752255
20161214,0.34511679146133734,0.8192161456204374
20161215,0.3161698428864886,0.818906670004214
20161216,0.3165770578502291,0.8096710649501515
20161217,0.3605879606210358,0.8138578673618948
20161218,0.3714542046115663,0.7683070877709849
20161219,0.37665300206044217,0.782399472810132
20161220,0.3472577445937011,0.8205898953411491
20161221,0.3304447271273674,0.8067829202850134
20161222,0.31580993980716987,0.812514426747634
20161223,0.3358382015849654,0.8035285824555412
20161224,0.36123260129644313,0.7106702875805977
20161225,0.3195636217472606,0.7827851662851051
20161226,0.3466400192188754,0.8316559412393107
20161227,0.335869346208667,0.8233920136116356
20161228,0.3204921736088845,0.8295172996764508
20161229,0.2939910324169683,0.8012290712268816
20161230,0.3428204626662957,0.847359242719356
20161231,0.36823034174260405,0.825932491429576
20170101,0.3270657947221464,0.7988736800117565
20170102,0.335019095314181,0.8035748979988343
20170103,0.3384028582464272,0.8226377792685654
20170104,0.320057308369962,0.7928824163925127
20170105,0.32621986558454286,0.8235254447322333
20170106,0.34199083445627076,0.8271532201095828
20170107,0.3575265151515152,0.8277121212121212
20170108,0.3253244424274808,0.8284389433387742
20170109,0.3237334675081292,0.8867657999566801
20170110,0.3501599991006119,0.881500710823216
20170111,0.335298783892498,0.8847928640916993
20170112,0.3387471443758341,0.8767512609983941
20170113,0.33792833070344613,0.8717296865564063
20170114,0.34763933298255556,0.8656782490792083
20170115,0.30885684412302866,0.8123501006589838
20170116,0.32512777335815435,0.8546064836675796
20170117,0.3043271566746016,0.848081111029548
20170118,0.3292969217273416,0.8441474939192153
20170119,0.3728816325642379,0.8361850253977408
20170120,0.3658824124720355,0.8527951827628856
20170121,0.3314729979637024,0.8733470758720393
20170122,0.3615392846315264,0.8405653871989823
20170123,0.3368396610128334,0.8357697024149193
20170124,0.31897532827011943,0.8434997941163014
20170125,0.3264721293380152,0.8340351320159851
20170126,0.344638287799141,0.8738281411453499
20170127,0.3257701198946702,0.8600007073431868
20170128,0.367815155395181,0.836218135257828
20170129,0.34900689546664115,0.8359496316261125
20170130,0.3384967898731279,0.8521457056249272
20170131,0.3395226116487268,0.8349215888793322
20170201,0.3311684317226881,0.815538793045807
20170202,0.3183930827320962,0.8246289173989126
20170203,0.33995719456963613,0.8488725388257767
20170204,0.34565751114709503,0.8314029176119734
20170205,0.3545436393093739,0.8273687509636262
20170206,0.3586116974788553,0.8689422466637872
20170207,0.2962554434389739,0.8393141566285943
20170208,0.2751413778574081,0.8419943811444511
20170209,0.32569656928262325,0.8589523343744427
20170210,0.33655505543967507,0.855206938192996
20170211,0.32391731411569147,0.8408916819084243
20170212,0.35200075810573905,0.8227398275866874
20170213,0.31159194551889446,0.8859831866600901
20170214,0.3243861044439079,0.8770199258638565
20170215,0.36366531447852296,0.8608080271954102
20170216,0.3493395163682016,0.8511992329035608
20170217,0.3913863603386577,0.8500855734821852
20170218,0.3505155373097139,0.8655023077561965
20170219,0.36641232689392955,0.8033585449640355
20170220,0.31903339668748304,0.8588992241913194
20170221,0.31341599014813665,0.8325900596611628
20170222,0.3007797250064684,0.8218130099099941
20170223,0.33940351431530535,0.7927993399687538
20170224,0.34515541361363095,0.8479996572447657
20170225,0.32842138550625466,0.7590501666692587
20170226,0.3741023773369053,0.808549688686971
20170227,0.32415961093593726,0.8538662096029195
20170228,0.32559474952521955,0.8556152311109698
20170301,0.33966212160192094,0.8607597976159849
20170302,0.2956182399855183,0.8912851004378163
20170303,0.31341802840174177,0.8717282805230688
20170304,0.34484987687540275,0.8816973619620748
20170305,0.3281655327688317,0.8743494363140979
20170306,0.3270442992463743,0.8475954639265114
20170307,0.2988714115900672,0.8641814805497572
20170308,0.2856148432061738,0.8474257281094506
20170309,0.3083586769827138,0.8373174075416397
20170310,0.35005519047130096,0.851422117260499
20170311,0.32805615931386944,0.8533278505551313
20170312,0.35895251118333804,0.823911385359619
20170313,0.29553762328436445,0.8846225848088045
20170314,0.29770911019948443,0.8916906629828237
20170315,0.32538733015493204,0.8801811520724608
20170316,0.3123600905742173,0.8563730961028572
20170317,0.34918838415927417,0.8767247878573453
20170318,0.34560818406655175,0.8119126133553174
20170319,0.34221139436166625,0.8482059490462852
20170320,0.3134520247456021,0.8752109903873873
20170321,0.3470268242356031,0.8491896174725696
20170322,0.32966984484913847,0.8806032827601984
20170323,0.2961724192246073,0.8381313493240395
20170324,0.24803785591906666,0.8312227273963425
20170325,0.2984413095608376,0.8405866535563427
20170326,0.3011108073005674,0.8648677284845171
20170327,0.3335789619122185,0.8642441548074118
20170328,0.2937467973105172,0.8349372661066166
20170329,0.3143287863401765,0.8392081322431717
20170330,0.28703029436598954,0.8762792312518229
20170331,0.3007825007280256,0.8744869411769819
20170401,0.32511240652988016,0.8421541656062277
20170402,0.3453609251274621,0.8637976497898677
20170403,0.31343040374299197,0.8188827491630702
20170404,0.3517096817076876,0.8085640762686114
20170405,0.3284207122210534,0.8642797577845241
20170406,0.3267212750459871,0.833356995592647
20170407,0.3400023799938728,0.8178507136183756
20170408,0.35230962293090057,0.8370017728024222
20170409,0.33906109699848813,0.8750047965863654
20170410,0.34961729570303685,0.8473474822954554
20170411,0.27041548160671947,0.8686789272106195
20170412,0.32053441922900205,0.8699988288182776
20170413,0.32914198179170123,0.8451018051630798
20170414,0.3431946871723174,0.8445764884073168
20170415,0.33075184348019415,0.8592285174343203
20170416,0.3323342666719249,0.8271167724888591
20170417,0.3533054626532887,0.8010841694537346
20170418,0.3310458037213196,0.7803539588363838
20170419,0.3127773054031074,0.8303581090780596
20170420,0.3185962112882982,0.8529271543797857
20170421,0.2939328608374967,0.8535908392610475
20170422,0.3553551084645831,0.8190044983146001
20170423,0.3367322683472399,0.8039872981818846
20170424,0.3285545443296682,0.8368982245945497
20170425,0.2939482134800648,0.8633663891862244
20170426,0.3165205722841044,0.8452217507718878
20170427,0.34283983282617553,0.8671303538238787
20170428,0.3849535482215497,0.8901647509867701
20170429,0.3615817614942934,0.8775799557016492
20170430,0.35748545865484954,0.8562149919747685
20170501,0.2909218694465897,0.8522528974604965
20170502,0.2960629014970038,0.8435447554510075
20170503,0.2740015166489177,0.868670249316276
20170504,0.2657249489393513,0.8112819006256391
20170505,0.3101659158229596,0.7930219157467641
20170506,0.26822010366530913,0.810778415401703
20170507,0.29116977642902864,0.8064498921264136
20170508,0.2726365460548858,0.8887449702194524
20170509,0.2966319951940686,0.8901355876542594
20170510,0.32490397135568155,0.8845050208531309
20170511,0.3207646484876496,0.8666546184263023
20170512,0.2953548671013859,0.9095623370174453
20170513,0.305408317342477,0.8616305954890057
20170514,0.31845795694729667,0.8159949238796308
20170515,0.333130442391019,0.8913257464801592
20170516,0.3024756712921247,0.8994300774914399
20170517,0.32407425291263636,0.8817301600791124
20170518,0.3040319857020891,0.8770518110477373
20170519,0.3102122438999026,0.886764373154653
20170520,0.37327823691460055,0.8640366367639095
20170521,0.2991728160463021,0.8527011892699056
20170522,0.3332439744719004,0.8752407620583776
20170523,0.29185965481824366,0.8344028725032814
20170524,0.29959710266176437,0.8881540730905562
20170525,0.30722352705401024,0.8104056329629024
20170526,0.3013628251154394,0.8426483165055021
20170527,0.30885798610663606,0.8402237372891186
20170528,0.32363720455817163,0.8377942545894528
20170529,0.3312238885152098,0.8398116657351005
20170530,0.3437273006387647,0.8650918458278106
20170531,0.31139718699753877,0.850436311979977
20170601,0.3354886607684166,0.868627783429411
20170602,0.3219869374294081,0.8223526583907761
20170603,0.32929199606034987,0.8603516050587897
20170604,0.3193009976030316,0.8286827878462899
20170605,0.348625132466953,0.8557210230477005
20170606,0.3029711582604213,0.8832396820240496
20170607,0.28613699677792453,0.9160803512641227
20170608,0.26802607900551184,0.9291272283327047
20170609,0.3015987869102075,0.8937766228536553
20170610,0.3567409666757311,0.8661618639387508
20170611,0.31701741982468545,0.8668502384129195
20170612,0.323764634948794,0.8763055142486934
20170613,0.2567817478163891,0.9129971987665699
20170614,0.29229163641030664,0.8321709261992495
20170615,0.3274477301441043,0.8789600174786978
20170616,0.31573295539717366,0.8803695779561467
20170617,0.3141036881173651,0.8647787714068619
20170618,0.30853452432556167,0.8476906667186184
20170619,0.2768573708171024,0.8570516731590557
20170620,0.3515438708701105,0.7239990146494978
20170621,0.3127609306600522,0.7820089672360057
20170622,0.312535328992848,0.8347131332113846
20170623,0.3235036048928666,0.8739560393386869
20170624,0.32607708195850227,0.8106375502438272
20170625,0.31640482957707805,0.8000155840686293
20170626,0.3015816346492429,0.7896451999947833
20170627,0.307192859593362,0.7978973453133993
20170628,0.3260676589676481,0.8623225340900631
20170629,0.3115046625870994,0.845488746617385
20170630,0.30127545894062435,0.8739806713848347
20170701,0.33594837548293105,0.876976060350647
20170702,0.3956719071682575,0.8568804978476511
20170703,0.35201776459480594,0.8217057090642387
20170704,0.39905493321014746,0.839547163516444
20170705,0.3294286105537661,0.8341440470591037
20170706,0.3273716768191906,0.8422266295194472
20170707,0.33999986868282306,0.8272982147429795
20170708,0.29582241599765235,0.8456243318590563
20170709,0.3173450993382585,0.8377423753360707
20170710,0.32271000569231306,0.8682287612829777
20170711,0.28943185411964956,0.8709083744103373
20170712,0.3193261487507803,0.852237142812924
20170713,0.3217138399743044,0.8579329867251171
20170714,0.28244447675068773,0.8537160877636376
20170715,0.2999019246728234,0.8128447614018115
20170716,0.33956354957731155,0.82571244382061
20170717,0.3368192390148478,0.8252156655350268
20170718,0.31377979568671965,0.8753575482406356
20170719,0.3552195062734659,0.8533058173714742
20170720,0.3124410714561726,0.877880736355627
20170721,0.27601274830122874,0.9103026901539599
20170722,0.32536750469388737,0.8470535783434398
20170723,0.31731105138204657,0.8336909947741029
20170724,0.32441941208240105,0.8549918987732428
20170725,0.3056001611641188,0.863246989851332
20170726,0.3162246465333963,0.8664987918003331
20170727,0.259222931758965,0.882893805443017
20170728,0.30933166719696253,0.894400608625633
20170729,0.3462777484917706,0.8617860204576072
20170730,0.26042710731861485,0.8225412734961699
20170731,0.28473450417472135,0.917144561110752
20170801,0.294132641301194,0.8693328343759915
20170802,0.32312543423654533,0.8524931858265191
20170803,0.30767729271906724,0.8904912073420747
20170804,0.33357090064407136,0.8790179042792283
20170805,0.3369642744506281,0.8153557271020238
20170806,0.30410650166933806,0.8416963554535211
20170807,0.3110982429150497,0.8432192769418252
20170808,0.3206203680462898,0.8601080624067003
20170809,0.3066991727134076,0.8932707861533484
20170810,0.33413655342014115,0.819188402402754
20170811,0.2939682239730209,0.857574788498997
20170812,0.31227283203057105,0.8364120239531443
20170813,0.292630227930619,0.832814714613506
20170814,0.29467991712610175,0.8625522351371282
20170815,0.32263153252600657,0.835658992438451
20170816,0.3014741550281791,0.8346267834200012
20170817,0.3242438562407992,0.8502861610085936
20170818,0.31585289016457613,0.912571819034275
20170819,0.36462350592161047,0.8133940537731462
20170820,0.3176208466531047,0.8265232974910395
20170821,0.29318462504689285,0.854229629535961
20170822,0.33873876810413206,0.8487456131773091
20170823,0.326437406825416,0.8720556831459769
20170824,0.32338801316977944,0.8491448384371085
20170825,0.3385318121323504,0.872208110712096
20170826,0.35005810087294686,0.8498785411833462
20170827,0.34558675661346644,0.8462403334613064
20170828,0.3195749914312789,0.8630859493134942
20170829,0.3244219398887872,0.8706315548673189
20170830,0.30448246032166376,0.8776477234609749
20170831,0.3185011709601874,0.8466646088187729
20170901,0.3081495926776334,0.8789723104666646
20170902,0.3146176339711398,0.8749602695314983
20170903,0.35802185811278925,0.8215498129416655
20170904,0.32780873342446554,0.8120190406139627
20170905,0.31958880110506543,0.8184854202112427
20170906,0.3323031706448165,0.8163898289989312
20170907,0.3090126871241055,0.8554760476267127
20170908,0.30693547548098,0.7995898015144647
20170909,0.36810927696899554,0.8219985381007492
20170910,0.32051254780673955,0.7549572238695488
20170911,0.3301486676376796,0.7868669434267345
20170912,0.30326728398023317,0.822146524012858
20170913,0.30675834652952605,0.7957528714815557
20170914,0.33138585305935125,0.854931092043752
20170915,0.3317213544965884,0.8586664977467287
20170916,0.332880186521075,0.8616513546897041
20170917,0.3373262961648316,0.8076975388708463
20170918,0.3261351304522283,0.8547653136598666
20170919,0.35336578040925465,0.8727978029070648
20170920,0.3196045984639768,0.8312863211851568
20170921,0.2970610364917489,0.8345009201736637
20170922,0.29628205358586857,0.8137864112562669
20170923,0.3217960279086659,0.8543997390102703
20170924,0.3118477117347493,0.8763557820321446
20170925,0.3138127828181634,0.8718313109255048
20170926,0.3085083769734681,0.834083750410636
20170927,0.3543068021816669,0.8167894281415732
20170928,0.3248265415586628,0.8371999871085962
20170929,0.354102440902349,0.834941402228118
20170930,0.32950724228577477,0.8918861699687726
20171001,0.35823938462216637,0.8280325321519489
20171002,0.2610906565023145,0.8125459351654192
20171003,0.2824155921390533,0.8593760981807369
20171004,0.30554559644224255,0.8541008007127103
20171005,0.3016107440855799,0.8687908954852569
20171006,0.3343076041676782,0.839070526203354
20171007,0.25164360432760785,0.8524812058443457
20171008,0.32214320781945044,0.866707826889031
20171009,0.34812414571975914,0.8336614121285365
20171010,0.3149712449983507,0.903287105425445
20171011,0.3265184364592849,0.8935051800656688
20171012,0.32476035054354807,0.8841057156074118
20171013,0.3387134801658251,0.837783497390154
20171014,0.3386114160263447,0.8562403951701427
20171015,0.3241759548459721,0.8407916224057838
20171016,0.33211511329446364,0.8490710363936154
20171017,0.30397026232651714,0.8805699196831335
20171018,0.3090957154930367,0.9140815566334357
20171019,0.3192185148583871,0.8328467332871337
20171020,0.34390231962908313,0.8699465723057127
20171021,0.29576079127211397,0.8625111997329632
20171022,0.3060143687991789,0.8383646938077318
20171023,0.2950142953516014,0.8263596646214141
20171024,0.2999700074757486,0.8534865190318234
20171025,0.3637245597384794,0.8245070125487715
20171026,0.32818459611882517,0.826140828177982
20171027,0.30287439016000384,0.8607874163276837
20171028,0.3164784650744479,0.8768195596415842
20171029,0.3221611160676636,0.831133955639595
20171030,0.3169946153692175,0.8920718484563391
20171031,0.2838464747945851,0.8476665936853237
20171101,0.3063577114672957,0.8532994085378046
20171102,0.2782845954651677,0.8104187456578034
20171103,0.2664507405814025,0.8416003933378403
20171104,0.2974285057759395,0.8124877274341459
20171105,0.2891248120300752,0.848409022556391
20171106,0.29110995570495224,0.839090883442358
20171107,0.3009490308491543,0.8088654582611802
20171108,0.29594872487654045,0.7913991083892467
20171109,0.2864138891996623,0.8551911595691662
20171110,0.2629720761733778,0.8565738009746089
20171111,0.30792297207562996,0.8846118897004858
20171112,0.31287050454485577,0.8238083798925973
20171113,0.30876352181433936,0.8618434669011049
20171114,0.2769785229098751,0.8609737064028496
20171115,0.3127824320533997,0.8341148172177663
20171116,0.22413176846198984,0.8644890742377886
20171117,0.29674517936345274,0.8423048681099662
20171118,0.30833537374514675,0.8500052467732344
20171119,0.3146152779987988,0.8800069814119906
20171120,0.29241388568807547,0.8486133330350051
20171121,0.3313842665878961,0.8241169238071434
20171122,0.31219768944794596,0.8236704998201128
20171123,0.31912636454925336,0.8326260892099381
20171124,0.3324489813846843,0.8681466384376839
20171125,0.3268303553340626,0.8761496697864755
20171126,0.3008992939427722,0.8504570791527313
20171127,0.30902592253049793,0.8431599727782496
20171128,0.29623237922578993,0.8574010157003568
20171129,0.31930780885440363,0.844937329654781
20171130,0.31097040472397985,0.8345045013332395
20171201,0.27937688324754445,0.8691165187168765
20171202,0.32682068421920923,0.8197738007222246
20171203,0.3130482779542754,0.8413880859885225
20171204,0.30941813179750977,0.8575397834641901
20171205,0.32828966218208666,0.8672925419893466
20171206,0.2739139244263198,0.8410960780564648
20171207,0.25348965767151554,0.7991500950296182
20171208,0.25785751725889866,0.7912527482750046
20171209,0.3189108161602049,0.8101884192959987
20171210,0.329060420753048,0.8037844698280835
20171211,0.2630851538118591,0.8356061996800503
20171212,0.33302185786179145,0.7892722577925328
20171213,0.2891515292392172,0.7886336293548573
20171214,0.312532417890301,0.8183910727639727
20171215,0.311900739555907,0.8372550164894907
20171216,0.2990531490675268,0.8779521966733763
20171217,0.29179337213030343,0.8398750595070388
20171218,0.2897727980856712,0.812302927577053
20171219,0.30530223179505983,0.8034653162855353
20171220,0.3435651924898487,0.7923694277805109
20171221,0.3039039853955175,0.8194940237569538
20171222,0.33757267156766596,0.8224146182634143
20171223,0.33106339911805105,0.8236174365647365
20171224,0.33220144739913837,0.8234348897775541
20171225,0.3167767622839562,0.8442041444213193
20171226,0.36206773363818234,0.8171549014004001
20171227,0.3318405353793115,0.8294830412519223
20171228,0.3109664045424844,0.8178409679817941
20171229,0.3033634357842886,0.8562265893580995
20171230,0.32571449616971127,0.8676414260459635
20180101,0.3127554009132678,0.8190261770497357
20180102,0.3079455235478028,0.8732360731985995
20180103,0.32737088562555183,0.9197551472235522
20180104,0.2692913174296153,0.8913899634644316
20180105,0.3082848815182635,0.8708142430656234
20180106,0.32650513194289943,0.8742566071066866
20180107,0.3120732432902816,0.8817041531244562
20180108,0.32174284241046147,0.8780525946526234
20180109,0.25747280502728725,0.8554994442172763
20180110,0.30538455636284223,0.8580349290853396
20180111,0.35727917528556896,0.8710004677110607
20180112,0.3074170247380725,0.8847897618041425
20180113,0.3101583318059413,0.8600758526372185
20180114,0.3047976892564909,0.8851748746872209
20180115,0.2899182254134256,0.838657786796396
20180116,0.30809028213166145,0.8971184952978056
20180117,0.2757127661168292,0.8968830059777968
20180118,0.318488015043679,0.8091481992811407
20180119,0.2782375064451881,0.7765516474406284
20180120,0.2936962895868921,0.7898108015554111
20180121,0.27642189756900953,0.8223953863947682
20180122,0.3119952613231396,0.8008137318051316
20180123,0.2848934031476453,0.8496241729554559
20180124,0.28670181940915374,0.856653866483261
20180125,0.2963644919085906,0.869309928599194
20180126,0.3253878382969086,0.8482456282252455
20180127,0.2992849569070988,0.8677849976890242
20180128,0.3187620069871265,0.874272744053764
20180129,0.3222053860257623,0.8307519454079031
20180130,0.3162179145140084,0.8553982370089105
20180131,0.3177405967410773,0.8551497677398686
20180201,0.2603991381886235,0.8531995533678267
20180202,0.2596939858345056,0.8292070778115052
20180203,0.27300903808665555,0.839524001643974
20180204,0.26902760388719965,0.8400166934954987
20180205,0.33180769415099376,0.850776056251241
20180206,0.3353543437225446,0.8687387097428938
20180207,0.3140962702171975,0.8225179628541732
20180208,0.31721033411386207,0.8525092593193184
20180209,0.30237694778207475,0.8512602779284535
20180210,0.29789489944950004,0.857256207167734
20180211,0.3169746756076048,0.8303170065569241
20180212,0.3311761689883605,0.8044037783111877
20180213,0.3260554827189589,0.8496867132642145
20180214,0.3055603237690307,0.8633699972271005
20180215,0.23967614112253444,0.8271430180786921
20180216,0.309356266795287,0.8453489017509206
20180217,0.25861405850546365,0.8074688032268178
20180218,0.28583421011394416,0.8200689485348437
20180219,0.2669161413139143,0.8135166146203443
20180220,0.23057402325944734,0.8120040833723924
20180221,0.27677550548962637,0.8027983795508902
20180222,0.2422309956236414,0.7885394263535369
20180223,0.23867621685550305,0.8218337693721552
20180224,0.2871951379936331,0.8020498069170752
20180225,0.2682034101705085,0.8212377285530943
20180226,0.27144729275295393,0.8206420772912778
20180227,0.30057784120473346,0.8380249332850531
20180228,0.25790402824586744,0.8342246917114514
20181231,0.31707084322402873,0.8452160843581883
